Frame,Onset time,Narrative details (external events),Narrative details (internal state),Characters on screen,Music presence,Speech,Character speaking,Indoor/outdoor,Setting,Scene name
0,0.0,BLACK SCREEN 1,,,no,,,,,
25,1.0,"Fade into the bright sun and pan to Michael Bluth, standing on a boat, wearing a suit. Orange County, California is written on the screen.",,Michael,yes,,,outdoor,Family boat party,Introducing the Bluths
126,5.04,"Michael stands, leaning on the railing of the boat, looking out over the water. Michael Bluth Manager / The Bluth Company is written on the screen. The narrator introduces him.",,Michael,yes,This is Michael Bluth.,Narrator,outdoor,Family boat party,Introducing the Bluths
181,7.24,"The narrator describes Michael's job. Michael stands on the deck, looking out over the water. Michael Bluth Manager / The Bluth Company is written on the screen.",,Michael,yes,"For ten years, he's worked for his father's",Narrator,outdoor,Family boat party,Introducing the Bluths
225,9.0,"George Senior, Michael's father, stands on the lower level of the boat at his retirement party. He holds a drink and talks to a group of people. The narrator continues.",,"George Senior, Michael, Lucille, Lindsay, guests",yes,"company, waiting to be made a partner.",Narrator,outdoor,Family boat party,Introducing the Bluths
279,11.16,"Michael stands, listen to his father, George Senior, talk. He looks at his sister, Lindsay, and mother, Lucille, and smiles. The narrator continues.",Michael is happy.,"Michael, Lindsay, guests",yes,"And right now, he's happy.",Narrator,outdoor,Family boat party,Introducing the Bluths
350,14.0,"Lucille Bluth, Michael's mother, walks down the stairs toward Michael. She is wearing a fancy dress and sunglasses. The narrator introduces her.",,"Lucille, Michael, guests",yes,This is Michael's mother.,Narrator,outdoor,Family boat party,Introducing the Bluths
390,15.6,Lucille walks up to Michael and pulls off her glasses. She talks to him.,Lucille is angry.,"Lucille, guests",yes,"Look what they've done, Michael!",Lucille,outdoor,Family boat party,Introducing the Bluths
421,16.84,The scene pauses. Mrs. Lucille Bluth Socialite is written on the screen. The narrator continues.,Lucille is angry.,"Lucille, Michael, guests",yes,She isn't happy.,Narrator,outdoor,Family boat party,Introducing the Bluths
455,18.200000000000006,Lucille demands Michael look at what the homosexuals did to her.,"Lucille is angry, ambiguous, and possibly bigoted.","Lucille, Michael, guests",yes,Look what the homosexuals have done to me.,Lucille,outdoor,Family boat party,Introducing the Bluths
532,21.28,"Michael asks if his mother, Lucille, can simply fix her hair.","Michael is uncomfortable with his mother's words, and pretends to think she is referring to her hair.","Michael, Lucille, guests",yes,You can't just comb that out and reset it?,Michael,outdoor,Family boat party,Introducing the Bluths
596,23.84,Lucille rolls her eyes at Michael's reply. The narrator continues.,Lucille is annoyed with Michael.,"Lucille, guests",yes,"Currently, she's upset",Narrator,outdoor,Family boat party,Introducing the Bluths
643,25.72,"On the other side of the yacht, a group of gay protestors wearing bright clothing dance, shout, and hold signs on a small barge. Guests on the deck watch them. The narrator continues.",,"gay protestors, guests",yes,"Currently, she's upset that her husband’s retirement party is being upstaged by a group of gay protesters.",Narrator,outdoor,Family boat party,Introducing the Bluths
753,30.12,"The protestors advocating for gay marriage hold up signs, dance, and chant from the small barge.",,gay protestors,yes,"We're here, we're queer! We want to get married on the ocean!",Protestors,outdoor,Protestors' barge,Introducing the Bluths
831,33.24,"Lucille and Michael stand on the deck of the yacht, watching the protestors. Lucille rants about the protestors and Michael rolls his eyes.","Lucille does not like at the protestors, or gay people. Michael is annoyed with his mother's dramatic tone.","Lucille, Michael",yes,Everything they do is so dramatic and flamboyant. It just makes me want to set myself on fire!,Lucille,outdoor,Family boat party,Introducing the Bluths
1014,40.56,"Lindsay Bluth Funke, Michael's sister, appears and pulls off her glasses. She scolds Lucille, her mother. Michael walks away.",,"Lucille, Lindsay, Michael",yes,"good grief, mother.",Lindsay,outdoor,Family boat party,Introducing the Bluths
1079,43.16,"Lindsay begins to lecture her mother, but stops short as she looks closer at the barge of protestors.",,"Lindsay, Lucille",yes,Not all homosexuals are flamboyant...,Lindsay,outdoor,Family boat party,Introducing the Bluths
1135,45.40000000000001,Lindsay notices and remarks that one of the gay protestors is wearing a blouse she owns.,"Lindsay is taken aback, surprised.",Lindsay,yes,"Oh my god, I have the exact same blouse.",Lindsay,outdoor,Family boat party,Introducing the Bluths
1203,48.12000000000001,The scene pauses. The narrator introduces Lindsay. Lindsay Bluth Funke Activist is written on the screen.,,Lindsay,yes,"This is Michael’s twin sister, Lindsay.",Narrator,outdoor,Family boat party,Introducing the Bluths
1254,50.16,"The camera pans to Lucille, who tells Lindsay the gay protestor wears the blouse better than her.",Lucille is rude to Lindsay,Lucille,yes,I like it better on him.,Lucille,outdoor,Family boat party,Introducing the Bluths
1312,52.48,"Lindsay glares at her mother, puts her glasses back on, and walks away. The narrator continues.",Lindsay and Lucille do not get along.,"Lindsay, Lucille",yes,"As a youthful act of defiance, Lindsay",Narrator,outdoor,Family boat party,Introducing the Bluths
1380,55.2,"The narrator describes Lindsay's marriage. A newspaper picture of her husband, Dr. Tobias Funke is shown. Not on boat is written on the screen.",,Tobias,yes,Married this man.,Narrator,,Narrator backstory,Introducing the Bluths
1455,58.2,The narrator describes Lindsay's and Tobias's marriage. The camera zooms to Boston on a map.,,,yes,"They moved to Boston, where they've become",Narrator,,Narrator backstory,Introducing the Bluths
1496,59.84,The narrator describes Lindsay's and Tobias's marriage. Lindsay stands at a fundraiser in a fancy dress. A waiter carrying a silver platter approaches.,Lindsay is living a life of luxury.,"Lindsay, Waiter",yes,celebrated for their wine and cheese fundraisers.,Narrator,indoor,Fundraiser,Introducing the Bluths
1559,62.36000000000001,"Lindsay turns the waiter away, saying she is too full to eat.",,"Lindsay, Waiter",yes,"Oh, no, I'm completely stuffed.",Lindsay,indoor,Fundraiser,Introducing the Bluths
1609,64.36,The waiter walks away. Lindsay turns back to her conversation. The narrator continues.,,"Lindsay, Waiter",yes,Michael and his sister haven't,Narrator,indoor,Fundraiser,Introducing the Bluths
1648,65.92,"The narrator describes Michael's and Lindsay's relationship and lack of communication. A picture shows Michael, Lindsay, GOB, and Buster standing together, wearing nice clothing.",Michael and Lindsay are not close.,"Michael, Lindsay, GOB, Buster",yes,spoken in a year. Neither has acknowledged this.,Narrator,,Narrator backstory,Introducing the Bluths
1723,68.92,The camera zooms in on GOB and the narrator introduces him.,,GOB,yes,And this is GOB.,Narrator,,Narrator backstory,Introducing the Bluths
1768,70.72,"GOB looks into a large, wooden Aztec Tomb. Children watch. Michael walks up, holding a glass of wine. The narrator introduces GOB.",,"GOB, Michael, children, guests",yes,Michael's oldest brother.,Narrator,outdoor,Family boat party,Introducing the Bluths
1800,72.0,"Michael greets GOB, who quickly shuts the door of the fake Aztec Tomb.",,"GOB, guests",yes,So,Michael,outdoor,Family boat party,Introducing the Bluths
1836,73.44,Michael walks up to GOB and the Aztec Tomb and asks about the magic trick.,,"Michael, GOB, guests",yes,"This is the magic trick, huh?",Michael,outdoor,Family boat party,Introducing the Bluths
1877,75.08,"GOB corrects Michael, saying what he is doing is an illusion, not a trick. Michael sips his drink and nods.",GOB is elitist about his magic. Michael is being condescending.,"GOB, Michael, guests",yes,"Illusion, Michael. A trick is something a whore does for money.",GOB,outdoor,Family boat party,Introducing the Bluths
1973,78.92,Michael rolls his eyes and motions to the children standing nearby.,Michael is annoyed with GOB.,"Michael, GOB, guests",yes,,,outdoor,Family boat party,Introducing the Bluths
1997,79.88000000000002,GOB looks down at the group of children.,,"GOB, guests",yes,,,outdoor,Family boat party,Introducing the Bluths
2029,81.16000000000003,"The children stare, open-mouthed, at GOB.",,"Children, guests",yes,,,outdoor,Family boat party,Introducing the Bluths
2061,82.44000000000003,GOB looks down at the children and tries to fix his mistake.,GOB is awkward.,"GOB, children",yes,or candy!,GOB,outdoor,Family boat party,Introducing the Bluths
2118,84.72,The scene freezes. The narrator describes GOB. G.O.B George Oscar Bluth II Magician (part-time) are written on the screen.,"GOB is short for his full name, George Oscar Bluth, Junior","GOB, children",yes,GOB recently started the alliance,Narrator,outdoor,Family boat party,Introducing the Bluths
2175,87.0,Zoom out of a photograph of GOB. G.O.B George Oscar Bluth II Magician (part-time) is written on the screen. The narrator describes his magic.,,GOB,yes,of magicians.,Narrator,,Narrator backstory,Introducing the Bluths
2206,88.24000000000002,"Zoom out from the picture of GOB and the Alliance of Magicians, a strange group of people standing together. GOB holds a sign that says ""We Demand To Be Taken Seriously.""  The narrator describes the Alliance of Magicians.","GOB takes his magic very seriously, in a comical way.",GOB,yes,An organization that blackballs any performer who reveals a magician’s secret.,Narrator,,Narrator backstory,Introducing the Bluths
2317,92.68,"Buster Bluth, Michael's socially awkward younger brother, sneaks up behind Michael and grabs his shoulders. The narrator introduces him.",,"Michael, Buster, Lucille, guests",yes,"And finally, there's Buster",Narrator,outdoor,Family boat party,Introducing the Bluths
2373,94.92,"Michael greets Buster, who laughs and aggressively massages his back. Michael sits at a table, writing.",Michael is tolerating Buster,"Michael, Buster",yes,"Hey, Buster.",Michael,outdoor,Family boat party,Introducing the Bluths
2408,96.32,The narrator describes Buster. Buster aggressively massages Michael's back.,Buster is socially awkward. Michael is tolerating Buster.,"Michael, Buster, guests",yes,the youngest of Michael's siblings.,Narrator,outdoor,Family boat party,Introducing the Bluths
2460,98.4,Michael politely tells Buster he does not need a back massage.,Michael is tolerating Buster.,"Michael, Buster, guests",yes,"You know, you don't need to do that",Michael,outdoor,Family boat party,Introducing the Bluths
2506,100.24,Buster stops rubbing Michael's back and stands up.,,"Michael, Buster, guests.",yes,"buddy, it's okay.",Michael,outdoor,Family boat party,Introducing the Bluths
2535,101.4,"The scene pauses. Byron ""Buster"" Bluth Graduate Student is written on the screen. The narrator describes Buster's numerous academic pursuits.",,"Michael, Buster",yes,"Thanks to the family’s largesse, Buster has studied",Narrator,outdoor,Family boat party,Introducing the Bluths
2605,104.2,"Buster, other students, and a Native American man sit around a camp fire, playing drums. Buster bangs on his drum loudly and improperly.",Buster is generally incompetent and awkward.,"Buster, students",no,everything from Native American tribal ceremonies,Narrator,outdoor,Campfire,Introducing the Bluths
2735,109.4,The Native American instructor grabs Buster's hands and tries to help him with the drum. The narrator continues.,Buster is generally incompetent and awkward.,"Buster, students.",no,to cartography: the mapping of uncharted territories.,Narrator,outdoor,Campfire,Introducing the Bluths
2816,112.64,Michael and Buster both cross their arms. Michael asks Buster a question,,"Michael, Buster, guests",yes,Hasn't everything already sort of,Michael,outdoor,Family boat party,Introducing the Bluths
2859,114.36,Michael asks Buster if old explorers have already discovered everything there is.,,"Michael, Lucille",yes,"Hasn't everything already sort of been discovered, though by, like, Magellan",Michael,outdoor,Family boat party,Introducing the Bluths
2938,117.52,Michael continues. Buster stares at him.,Buster is awkward and confused.,"Buster, Michael",yes,"and, and Cortes?",Michael,outdoor,Family boat party,Introducing the Bluths
2968,118.72,Buster responds.,,"Buster, Michael",yes,"Oh, yeah, yeah.",Buster,outdoor,Family boat party,Introducing the Bluths
2997,119.88,Michael asks,,"Buster, Michael",yes,All those folks.,Michael,outdoor,Family boat party,Introducing the Bluths
3013,120.52,"Buster starts to imply there is more to discover, but falters and trails off.","Buster has no explanation why he is studying cartography, he just cannot handle entering the real world.",Buster,yes,"Those guys did a pretty good job, but there's still...",Buster,outdoor,Family boat party,Introducing the Bluths
3101,124.04,Michael stares at Buster as he trails off.,Michael is incredulous and confused.,"Michael, guests",yes,You know...,Buster,outdoor,Family boat party,Introducing the Bluths
3150,126.0,Buster shifts uncomfortably and pulls at his collar. The narrator says Buster has panic attacks.,Buster is uncomfortable and starts having a panic attack.,Buster,yes,He also suffers from crippling panic attacks.,Narrator,outdoor,Family boat party,Introducing the Bluths
3235,129.4,"Michael, his mother (Lucille), and his siblings (Buster, Lindsay, and GOB) pose for a picture. Lucille holds a trophy and flowers. The narrator continues.",Michael appears to be the only high-functioning member of his family.,"Michael, Lindsay, Lucille, Buster, GOB",yes,"Yes, this is his family.",Narrator,outdoor,Family boat party,Introducing the Bluths
3277,131.08,"Zoom out from Michael's face to him , his mother, and his siblings standing together and having their picture taken.","Michael, despite his strange family, is happy.","Michael, Lindsay, Lucille, Buster, GOB",yes,"So, why is Michael so happy?",Narrator,outdoor,Family boat party,Introducing the Bluths
3356,134.24,"Michael, his mother, and his siblings pose for pictures. The narrator says Michael plans to not speak to his family ever again.",Michael is happy. His mother and siblings are awkward.,"Michael, Lindsay, Lucille, Buster, GOB",yes,Because he’s decided to never speak to these people again.,Narrator,outdoor,Family boat party,Introducing the Bluths
3443,137.72,"The show's title, arrested development appears in red and black on a white screen and is circled by a red line.",,,yes,,,,Opening credits,Opening Credits
3483,139.32000000000002,"The name of the show's creator, Mitchell Hurwitz, appears on a white screen in black and red, and a red arrow is drawn pointing to it.",,,yes,,,,Opening credits,Opening Credits
3533,141.32000000000005,BLACK SCREEN 2,,,no,,,,,
3604,144.16,"Michael lays on a blowup mattress on the wooden floor of an unfinished room. The narrator says he was feeling more generous earlier, and ...the morning of the boat party appears on the screen.",,Michael,no,Michael was feeling more generous about his family on the morning of the boat party.,Narrator,indoor,Unfinished attic,Waking Up in the Model Unit
3722,148.88,Michael asks what thing is the most important.,Michael is rhetorically referring to family.,Michael,no,What comes before anything? What have we always said is the most important thing?,Michael,indoor,Unfinished attic,Waking Up in the Model Unit
3824,152.96,"Zoom to show George-Michael, Michael's son, laying on a bed on the floor next to Michael.",,"Michael, George-Michael",no,,,indoor,Unfinished attic,Waking Up in the Model Unit
3876,155.04000000000005,"George-Michael pauses, then answers.",,"Michael, George-Michael",no,Breakfast.,George-Michael,indoor,Unfinished attic,Waking Up in the Model Unit
3920,156.8,Michael corrects George-Michael,,"Michael, George-Michael",no,Family.,Michael,indoor,Unfinished attic,Waking Up in the Model Unit
3947,157.88000000000005,George-Michael responds and jokes to try to cover his misunderstanding.,,George-Michael,no,"Family, right. I thought you meant of the things you eat.",George-Michael,indoor,Unfinished attic,Waking Up in the Model Unit
4036,161.44,The scene freezes. The narrator introduces George-Michael. George Michael Bluth Frozen banana salesman / child is written on the screen.,,George-Michael,no,"This is Michael's son, George-Michael.",Narrator,indoor,Unfinished attic,Waking Up in the Model Unit
4110,164.4,Michael sits up and turns toward his son. He talks about the sacrifices they has made for their family.,,Michael,no,"I mean, we have made nothing but sacrifices for this family",Michael,indoor,Unfinished attic,Waking Up in the Model Unit
4179,167.16,George-Michael looks at his father. Michael tells him that their sacrifices will pay off that night.,Michael is excited.,George-Michael,no,"And tonight, it all pays off, my boy.",Michael,indoor,Unfinished attic,Waking Up in the Model Unit
4227,169.08,Michael raises his eyebrows and says George Senior will make him a partner in their real estate business.,Michael is excited.,Michael,no,"Tonight, your granddad makes me partner.",Michael,indoor,Unfinished attic,Waking Up in the Model Unit
4279,171.16,George-Michael smiles.,,George-Michael,no,,,indoor,Unfinished attic,Waking Up in the Model Unit
4325,173.0,Michael smiles back at his son. The narrator explains the family business.,,Michael,no,To prove his dedication to the family,Narrator,indoor,Unfinished attic,Waking Up in the Model Unit
4366,174.64,Michael and George-Michael fight playfully with pillows. The narrator explains why they are sleeping on the floor in an unfinished attic in one of their family's model homes.,,"Michael, George-Michael",no,"business, Michael has decided to live",Narrator,indoor,Unfinished attic,Waking Up in the Model Unit
4399,175.96,"A advertisement painting for the Bluth family's newest housing development. The name of the development, Sudden Vally A Bluth Company Development, is written on the advertisement.",,,yes,"here, in the model unit",Narrator,indoor,Unfinished attic,Waking Up in the Model Unit
4445,177.8,"The model home sits alone in a large area of brown, undeveloped land. The house is very upscale and fancy looking.",The model home they live in is the first and so far only house built.,,yes,of his father's latest housing tract.,Narrator,outdoor,Model home exterior,Waking Up in the Model Unit
4497,179.88000000000005,Michael and George-Michael pick up their inflatable mattresses from the attic floor and carry them away. The narrator explains why they sleep in the attic.,,"Michael, George-Michael",yes,The guys live in the attic so that the house can still,Narrator,indoor,Unfinished attic,Waking Up in the Model Unit
4572,182.88,"The narrator explains why they sleep in the attic. A sign outside the model unit advertises the house, reading Model Unit Have a Look Around!",,,yes,function as a pristine selling tool.,Narrator,outdoor,Model home exterior,Waking Up in the Model Unit
4632,185.28,"George-Michael sits at a table, in front of a fake turkey, fruit, and vegetable centerpiece. Michael walks by and taps him on the head with a paper bowl. He discusses his promotion.",Michael excitedly anticipates being made partner.,"George-Michael, Michael",yes,"And when I do get that promotion, I'll finally be",Michael,indoor,Model home interior,Waking Up in the Model Unit
4682,187.28,"Michael sits down at the table next to George-Michael, in front of the fake turkey centerpiece, and passes him a paper bowl. He makes a promise to George-Michael once he gets his promotion.",Michael expects the promotion and wants to take good care of his son.,"Michael, George-Michael",yes,"able to get you what you deserve, you know? Like a real home.",Michael,indoor,Model home interior,Waking Up in the Model Unit
4774,190.96,George-Michael smiles and tells his father their home is real.,George-Michael is kind to his father and appreciates his hard work and sacrifices.,George-Michael,yes,This is a real home.,George-Michael,indoor,Model home interior,Waking Up in the Model Unit
4835,193.4,Michael smiles and tells George-Michael their home is fake. He reaches over to the fake turkey centerpiece.,Michael appreciates his son's kindness but is not content in the model unit.,"Michael, George-Michael",yes,"No, it's not. It's a fake home, son.",Michael,indoor,Model home interior,Waking Up in the Model Unit
4909,196.36,Michael picks up the fake turkey to reveal a hollow bottom. He asks George-Michael which type of cereal he wants and pulls a box out of the hollow turkey.,Michael and George-Michael cannot settle in their home when they have to keep it perfectly pristine.,"Michael, George-Michael",yes,You want the loops or the flakes today?,Michael,indoor,Model home interior,Waking Up in the Model Unit
4971,198.84,"A sign above a pier with docks, boats, and a Ferris wheel reads Welcome to Balboa. The camera zooms in on the sign. The narrator speaks.",,,yes,The guys then headed down to Balboa Island,Narrator,outdoor,Balboa Island,Michael meets with GOB
5030,201.2,A black and white pictures shows Bluth's Original Frozen Banana stand. The narrator says George Senior started the stand in nineteen fifty-three. 1953 is written on the screen.,,,yes,so George-Michael could work at the frozen banana stand his grandfather started in nineteen fifty-three.,Narrator,outdoor,Banana stand,Michael meets with GOB
5154,206.16000000000003,"The old photo fades into the present banana stand. George-Michael stands in the window, offering passing people frozen bananas.",,George-Michael,yes,Bananas,George-Michael,outdoor,Banana stand,Michael meets with GOB
5187,207.48,George-Michael stands in the window of the banana stand as people walk by. The narrator talks.,George-Michael does not like his job.,George-Michael,yes,"Michael, meanwhile, was meeting his",Narrator,outdoor,Banana stand,Michael meets with GOB
5243,209.72,GOB rides a Segway down the sidewalk. The narrator says he and Michael are meeting.,,GOB,yes,"brother GOB, hoping to discuss his father's boat party.",Narrator,outdoor,Balboa Island,Michael meets with GOB
5332,213.28,GOB rides a Segway down the sidewalk. Michael asks GOB a question.,,GOB,yes,You have your check,Michael,outdoor,Balboa Island,Michael meets with GOB
5353,214.12,"Michael and GOB stand in front of a pier full of large, expensive yachts. GOB is on his Segway. Michael asks if GOB has a check to help pay for their father's party.",,"Michael, GOB",no,for your share of the party?,Michael,outdoor,Balboa Island,Michael meets with GOB
5384,215.36,GOB replies.,,"Michael, GOB",no,You know,GOB,outdoor,Balboa Island,Michael meets with GOB
5398,215.92,"GOB says that instead of money, he will contribute a magic show.",GOB does not plan to help pay for the party.,"GOB, Michael",no,I sort of thought my contribution could be a magic show.,GOB,outdoor,Balboa Island,Michael meets with GOB
5511,220.44000000000003,GOB and the Alliance of Magicians stand in a group. GOB holds a sign that reads We Demand To Be Taken Seriously. A gong rings.,,GOB,no,,,,Narrator backstory,Michael meets with GOB
5549,221.96,"Michael replies, saying it's perfect.",Michael is being sarcastic. He is annoyed at GOB's lack of contribution.,"Michael, GOB",no,"Oh that's perfect, GOB.",Michael,outdoor,Balboa Island,Michael meets with GOB
5575,223.0,GOB thanks Michael.,,GOB,no,Thank you.,GOB,outdoor,Balboa Island,Michael meets with GOB
5612,224.48,"Michael reminds GOB that this is a retirement party, not a child's birthday.",Michael is being sarcastic and is annoyed with GOB's lack of contribution.,Michael,no,"Or, wait a minute. I just remembered something. Dad’s retiring, not turning six.",Michael,outdoor,Balboa Island,Michael meets with GOB
5694,227.76,"GOB argues and defends his magic, and the new Aztec Tomb illusion he bought.",,"GOB, Michael",no,"Hey, come on, I just bought this new illusion called The Aztec Tomb.",GOB,outdoor,Balboa Island,Michael meets with GOB
5790,231.6,GOB says his new illusion was expensive. Michael talks over him.,Michael is annoyed with GOB. GOB does not want to contribute money.,"GOB, Michael",no,"It cost, like, eighteen grand, I’m gonna do it on the boat! ""Com on, GOB, I don't care!""","GOB, Michael",outdoor,Balboa Island,Michael meets with GOB
5875,235.00000000000003,GOB continues arguing.,,"GOB, Michael",no,"Look, what do you",GOB,outdoor,Balboa Island,Michael meets with GOB
5900,236.00000000000003,GOB suggests Michael have the family company pay for the retirement party. Michael rolls his eyes.,Michael is annoyed with GOB.,Michael,no,care? Can't you just charge the party to the company?,GOB,outdoor,Balboa Island,Michael meets with GOB
5958,238.32,Michael says the company cannot pay for the party.,Michael is incredulous at GOB's lack of business understanding.,Michael,no,"No, it's not a business expense.",Michael,outdoor,Balboa Island,Michael meets with GOB
5992,239.68,"GOB says Lindsay, their sister, has probably been charging her expensive hotel to the company for a month.",GOB is annoyed.,"GOB, Michael",no,"So what? Lindsay’s been staying at the Four Seas for, like, a month. She’s probably charging the company.",GOB,outdoor,Balboa Island,Michael meets with GOB
6071,242.84,"Michael pauses for a moment, then asks GOB is Lindsay has been in town for a month.",Michael is surprised and did not know his sister was in town.,Michael,no,Lindsay’s been in town for a month?,Michael,outdoor,Balboa Island,Michael meets with GOB
6137,245.48,"GOB pauses for a moment, then says answers.","GOB realized he made a mistake, and that Michael did not know Lindsay was in town.","GOB, Michael",no,I don't think so.,GOB,outdoor,Balboa Island,Michael meets with GOB
6188,247.52,GOB turns around on his Segway and rides away.,GOB awkwardly leaves.,"GOB, Michael",yes,,,outdoor,Balboa Island,Michael meets with GOB
6237,249.48,"Michael looks up, then down. The narrator speaks.",Michael is upset his sister did not tell him she was in town for so long.,Michael,yes,Michael was upset to hear this,Narrator,outdoor,Balboa Island,Michael meets with GOB
6303,252.12,Michael opens the door to Lucille's hotel room and quickly walks in.,,Michael,yes,so he went to discuss it with his mother.,Narrator,indoor,Lucille's hotel room,Cutting Lucille Off
6350,254.00000000000003,Michael enters Lucille's hotel room and calls out for her.,Michael is annoyed.,Michael,yes,Mom? Mother?,Michael,indoor,Lucille's hotel room,Cutting Lucille Off
6390,255.6,Michael demands Lucille's company checkbook so she cannot spend more company money.,Michael is annoyed with his mother.,"Michael, Lucille",yes,Give me your company checkbook. You’re cut off.,Michael,indoor,Lucille's hotel room,Cutting Lucille Off
6437,257.48,Lucille complains that someone cut the foot off of her fox fur. Michael rolls his eyes.,Lucille ignore Michael and is upset. Michael is annoyed.,"Lucille, Michael",no,"Michael, look! Look what happened to my fox. Someone cut off his little foot.",Lucille,indoor,Lucille's hotel room,Cutting Lucille Off
6586,263.44,Lucille wraps the fox fur around her neck and asks if the missing foot is noticeable.,,"Lucille, Michael",no,"Is it, is it noticeable?",Lucille,indoor,Lucille's hotel room,Cutting Lucille Off
6655,266.2,Michael replies.,,"Lucille, Michael",no,Well...,Michael,indoor,Lucille's hotel room,Cutting Lucille Off
6671,266.83999999900004,Michael tells Lucille she will be splattered in red paint so it does not matter.,Michael is being sarcastic and jokingly references animal cruelty protestors throwing red paint on people wearing fur.,"Michael, Lucille",no,"you’ve got to remember, you’re going to be all splattered in red paint. That’s gonna distract the eye.",Michael,indoor,Lucille's hotel room,Cutting Lucille Off
6783,271.32,Lucille takes off the fox fur. Michael berates her for using company money for her own expenses.,Michael is annoyed.,"Lucille, Michael",no,I don't want you charging any more of your,Michael,indoor,Lucille's hotel room,Cutting Lucille Off
6839,273.56,Michael berates his mother for using company money for her own expenses.,"Michael is annoyed, and the only responsible member of his family.",Michael,no,personal expenses to the company.,Michael,indoor,Lucille's hotel room,Cutting Lucille Off
6875,275.0,"Lucille brushes her hair, walks past Michael, and says she paid for GOB's Aztec Tomb with company money.",Lucille does not take company money seriously.,"Lucille, Michael",no,"Well, I had to pay for The Aztec Tomb.",Lucille,indoor,Lucille's hotel room,Cutting Lucille Off
6934,277.36,Lucille walks past Michael. Michael turns.,,"Lucille, Michael",no,GOB says it’s a career maker.,Lucille,indoor,Lucille's hotel room,Cutting Lucille Off
6973,278.92,Michael replies.,Michael is incredulous.,Michael,no,"Wait a minute, the",Michael,indoor,Lucille's hotel room,Cutting Lucille Off
6997,279.88,Michael asks if the company paid for GOB's Aztec Tomb. Lucille brushes her hair.,Michael is incredulous.,Lucille,no,company paid for The Aztec Tomb? That’s great.,Michael,indoor,Lucille's hotel room,Cutting Lucille Off
7061,282.44,"Michael changes the subject to his sister, Lindsay.",Michael is angry.,"Michael, Lucille",no,"Well, I was talking about Lindsay, okay?",Michael,indoor,Lucille's hotel room,Cutting Lucille Off
7113,284.5200000000001,Michael accuses Lucille of paying for Lindsay's hotel and not telling him she was there.,Michael is angry and hurt.,Michael,no,"You put her in a five-star hotel, on top of which, you didn’t even tell me that she was in town.",Michael,indoor,Lucille's hotel room,Cutting Lucille Off
7224,288.9600000000001,Michael steps toward his mother. Lucille replies.,Lucille is defensive.,Michael,no,If you're saying I play,Lucille,indoor,Lucille's hotel room,Cutting Lucille Off
7260,290.4000000000001,Lucille brandishes her brush at Michael and yells that she loves all her children equally.,Lucille is defensive.,"Lucille, Michael",no,"favorites, you’re wrong. I love all my children equally.",Lucille,indoor,Lucille's hotel room,Cutting Lucille Off
7330,293.2000000000001,Lucille sits outside with a cocktail in her hand and says she does not particularly like GOB. earlier that day is written on the screen.,This flashback contradicts Lucille's claim of loving all her children equally.,Lucille,no,I don't care for GOB.,Lucille,outdoor,Restaurant,Cutting Lucille Off
7395,295.8,Buster looks up from his meal at Lucille. Lucille sips her drink.,Buster is surprised.,"Buster, Lucille",no,,,outdoor,Restaurant,Cutting Lucille Off
7443,297.72,Lucille walks away and admits to using company money for herself a few times. Michael walks after her.,Lucille brushes off her personal use of company money.,"Lucille, Michael",no,"Good grief, I dipped into the kitty a couple of times.",Lucille,indoor,Lucille's hotel room,Cutting Lucille Off
7534,301.36,Lucille keeps walking and Michael follows her. She tells him to focus on the announcement George Senior will make that night.,,"Lucille, Michael",no,You should be focused on tonight. Dad’s making a big announcement.,Lucille,indoor,Lucille's hotel room,Cutting Lucille Off
7653,306.12,Michael grins and asks his mother if his father's announcement is about him.,Michael is excited and anticipating his promotion.,"Michael, Lucille",no,"Yeah? I knew it. It’s about me, isn’t it?",Michael,indoor,Lucille's hotel room,Cutting Lucille Off
7752,310.0800000000001,Lucille picks up a drink and winks at Michael,Lucille implies the announcement is about Michael.,Lucille,no,,,indoor,Lucille's hotel room,Cutting Lucille Off
7790,311.6,Michael playfully insults Lucille's winking face.,,"Michael, Lucille",no,I wonder how I can talk you out of ever making that face again.,Michael,indoor,Lucille's hotel room,Cutting Lucille Off
7871,314.8400000000001,Lucille glares at Michael.,,Lucille,no,,,indoor,Lucille's hotel room,Cutting Lucille Off
7897,315.88,Tobias shouts Michael's name from off screen.,,"Michael, Lucille",no,Michael!,Tobias,indoor,Lucille's hotel room,Lindsay and Tobias Arrive and Embezzle
7912,316.48,Michael greets Tobias. Tobias places his glasses down on the table.,,Tobias,no,Tobias!,Michael,indoor,Lucille's hotel room,Lindsay and Tobias Arrive and Embezzle
7956,318.24,Tobias walks over to Michael and asks how he is.,,Tobias,no,How are you?,Tobias,indoor,Lucille's hotel room,Lindsay and Tobias Arrive and Embezzle
8023,320.92,Tobias hugs Michael and laughs.,,"Tobias, Michael",no,,,indoor,Lucille's hotel room,Lindsay and Tobias Arrive and Embezzle
8050,322.0,Tobias and Michael hug. Michael asks how Tobias's job search is going.,Michael laughs awkwardly. Tobias is unemployed.,"Michael, Tobias",no,"Good, good. How's your, uh, job search coming?",Michael,indoor,Lucille's hotel room,Lindsay and Tobias Arrive and Embezzle
8141,325.6400000000001,Tobias pauses and looks around.,"Tobias is uncomfortable, awkward.","Tobias, Michael",no,,,indoor,Lucille's hotel room,Lindsay and Tobias Arrive and Embezzle
8198,327.92,"Tobias says the job search is good, then that it will be good soon.",Tobias has not found a job.,"Tobias, Michael",no,It's good. It’s going to be good. It’s going to be good.,Tobias,indoor,Lucille's hotel room,Lindsay and Tobias Arrive and Embezzle
8258,330.32,Tobias hopes something naturally works out.,Tobias is not making an effort to find a job.,"Michael, Tobias",no,I’m hoping the universe provides a path for me.,Tobias,indoor,Lucille's hotel room,Lindsay and Tobias Arrive and Embezzle
8329,333.16,A newspaper picture of Dr. Tobias Funke is shown. The narrator explains how Tobias lost his medical license.,,Tobias,yes,Tobias recently lost his medical license,Narrator,,Narrator backstory,Lindsay and Tobias Arrive and Embezzle
8392,335.68,Security camera footage shows Tobias performing CPR on a large man laying in a chair at a pool. The narrator explains how Tobias lost his medical license.,,Tobias,yes,"for administering CPR to a person who, as it turned",Narrator,outdoor,Narrator backstory pool,Lindsay and Tobias Arrive and Embezzle
8468,338.72,The newspaper photo of Tobias is next to a headline that reads Sleeping Tourist has Sternum Broken and a picture of the man on a stretcher while Tobias talks to the police.,,Tobias,yes,"out, was not having a heart attack.",Narrator,,Narrator backstory,Lindsay and Tobias Arrive and Embezzle
8552,342.0800000000001,Michael suggests that Tobias may want to be a pirate after the boat party.,Michael is being sarcastic and condescending.,"Michael, Tobias",no,"Maybe you’ll be inspired by the boat party tonight, start a career as a pirate.",Michael,indoor,Lucille's hotel room,Lindsay and Tobias Arrive and Embezzle
8639,345.56,"Tobias pauses for a moment, then says he did not pack to be a pirate.",Tobias now thinks the boat party is pirate themed.,"Tobias, Michael",no,I haven't packed for that.,Tobias,indoor,Lucille's hotel room,Lindsay and Tobias Arrive and Embezzle
8734,349.36,"Lindsey opens the door and walks into the hotel room, carrying many shopping bags. She complains she could not find anything.",,"Lindsay, Lucille",no,Couldn't find a thing!,Lindsay,indoor,Lucille's hotel room,Lindsay and Tobias Arrive and Embezzle
8781,351.24,Michael calls out to Lindsay,,"Lindsay, Lucille",no,Lindsay!,Michael,indoor,Lucille's hotel room,Lindsay and Tobias Arrive and Embezzle
8794,351.7600000000001,Lindsay takes off her glasses and greets Michael.,Lindsay appears happy to see Michael.,Lindsay,no,Michael!,Lindsay,indoor,Lucille's hotel room,Lindsay and Tobias Arrive and Embezzle
8833,353.32000000000005,Michael and Tobias walk into the room. Michael asks about Lindsay's flight.,Michael is playing dumb to her having been in town for a month.,"Michael, Tobias",no,How was your flight?,Michael,indoor,Lucille's hotel room,Lindsay and Tobias Arrive and Embezzle
8865,354.6,Lindsay says her flight was great and she just arrived.,Lindsay lies about her arrival.,"Lindsay, Michael",no,"Great, great! We just got in.",Lindsay,indoor,Lucille's hotel room,Lindsay and Tobias Arrive and Embezzle
8926,357.04,"Lucille, holding her drink, cuts Lindsay off and says that Michael knows she arrived a month ago.",,Lucille,no,He knows.,Lucille,indoor,Lucille's hotel room,Lindsay and Tobias Arrive and Embezzle
8941,357.6400000000001,Lindsay quickly switches her story and apologizes.,,"Lindsay, Michael",no,"A month ago. Oh, I'm sorry, I've been meaning",Lindsay,indoor,Lucille's hotel room,Lindsay and Tobias Arrive and Embezzle
9016,360.64,Lindsay touches Michael's chest and says she has been meaning to call him. Michael smirks.,Lindsay is lying.,"Michael, Lindsay, Tobias",no,"to call you, I really have.",Lindsay,indoor,Lucille's hotel room,Lindsay and Tobias Arrive and Embezzle
9048,361.92,Michael questions his sister and calls her out.,Michael does not believe she meant to call.,"Michael, Lindsay, Tobias",no,Really?,Michael,indoor,Lucille's hotel room,Lindsay and Tobias Arrive and Embezzle
9057,362.28,Lindsay turns away and says she has been busy.,Lindsay is making up excuses for not calling.,Lindsay,no,It's just been very busy.,Lindsay,indoor,Lucille's hotel room,Lindsay and Tobias Arrive and Embezzle
9097,363.88,Tobias fixes his glasses with a screwdriver and agrees with Lindsay.,,"Tobias, Michael",no,"Yeah, it's been crazy.",Tobias,indoor,Lucille's hotel room,Lindsay and Tobias Arrive and Embezzle
9140,365.6,Michael looks at Tobias. Lindsay continues.,,"Tobias, Michael, Lindsay",no,We just had an amazing,Lindsay,indoor,Lucille's hotel room,Lindsay and Tobias Arrive and Embezzle
9175,367.0,Lindsay talks about a recent fundraiser she and Tobias held.,,Lindsay,no,fundraiser for HOOP,Lindsay,indoor,Lucille's hotel room,Lindsay and Tobias Arrive and Embezzle
9212,368.48,Michael pauses for a moment and asks what HOOP is.,,"Michael, Lindsay, Tobias, Lucille",no,HOOP?,Michael,indoor,Lucille's hotel room,Lindsay and Tobias Arrive and Embezzle
9247,369.88,Lindsay says HOOP is her anti-circumcision movement.,,"Lindsay, Michael",no,My anti-circumcision movement.,Lindsay,indoor,Lucille's hotel room,Lindsay and Tobias Arrive and Embezzle
9290,371.6,Lindsay stands at the HOOP fundraiser and advocates against circumcision to a woman. A sign behind her reads H.O.O.P Hands Off Our Penises.,,Lindsay,no,I think it looks frightening when it’s cut off. It’s a Doberman. Let it have its ears.,Lindsay,indoor,Fundraiser,Lindsay and Tobias Arrive and Embezzle
9391,375.64,Michael nods.,Michael thinks her charity is strange.,"Michael, Lindsay, Tobias",no,,,indoor,Lucille's hotel room,Lindsay and Tobias Arrive and Embezzle
9415,376.6,Lindsay discusses her fundraiser.,,"Michael, Lindsay, Tobias",no,Believe it or not,Lindsay,indoor,Lucille's hotel room,Lindsay and Tobias Arrive and Embezzle
9434,377.36,Lindsay tells Michael her fundraiser's donation total.,,"Lindsay, Michael",no,we brought in over forty thousand dollars.,Lindsay,indoor,Lucille's hotel room,Lindsay and Tobias Arrive and Embezzle
9526,381.04,Michael responds.,Michael is being sarcastic.,"Michael, Lindsay",no,Unbelievable. Sounds like you saved enough skin to make ten new boys.,Michael,indoor,Lucille's hotel room,Lindsay and Tobias Arrive and Embezzle
9591,383.64,Tobias says where the donations came from. Lucille looks up at him.,,Lucille,no,"Well, most of",Tobias,indoor,Lucille's hotel room,Lindsay and Tobias Arrive and Embezzle
9624,384.96,Tobias fixes his glasses and says most of the donations they raised were from the Bluth Company's money. Lindsay clears her throat to cut him off.,Tobias does not realize he revealed a secret.,"Tobias, Michael",no,that money was from the Bluth Company.,Tobias,indoor,Lucille's hotel room,Lindsay and Tobias Arrive and Embezzle
9668,386.72,"Michael rounds on his mother and sister, eyes wide. Tobias cuts himself off and asks how he is.",Michael is surprised and angry. Tobias realizes his mistake.,"Michael, Tobias",no,"I mean, how",Tobias,indoor,Lucille's hotel room,Lindsay and Tobias Arrive and Embezzle
9697,387.88000000000005,Lucille slowly stops sipping her drink.,Lucille knows she is in trouble.,Lucille,no,,,indoor,Lucille's hotel room,Lindsay and Tobias Arrive and Embezzle
9724,388.96,Lindsay stares at Tobias. Michael turns back around to look at him.,"Lindsay, Michael",Lindsay is angry at Tobias. Michael is frustrated with this new revelation.,no,,,indoor,Lucille's hotel room,Lindsay and Tobias Arrive and Embezzle
9757,390.28,Michael turns back to Tobias. Tobias continues.,Tobias realizes his mistake.,"Tobias, Michael",no,are you?,Tobias,indoor,Lucille's hotel room,Lindsay and Tobias Arrive and Embezzle
9793,391.72,Lucille rolls her eyes at Tobias,,Lucille,no,,,indoor,Lucille's hotel room,Lindsay and Tobias Arrive and Embezzle
9819,392.7600000000001,Michael answers Tobias and turns to his mother and sister.,,"Michael, Tobias, Lindsay",no,Still good.,Michael,indoor,Lucille's hotel room,Lindsay and Tobias Arrive and Embezzle
9846,393.84,Michael walks around Lindsay and Lucille and says they have always stolen company money.,Michael is annoyed with his mother and sister.,"Michael, Tobias, Lindsay",no,"You know what? You guys have had your hands in the company coffer for years, but starting tomorrow",Michael,indoor,Lucille's hotel room,Lindsay and Tobias Arrive and Embezzle
9961,398.44,Michael tells Lindsay and Lucille they will not be able to spend company money after he takes over tomorrow.,,Michael,no,"here is going to be a new boss in town, and you’re all going to have to start fending for",Michael,indoor,Lucille's hotel room,Lindsay and Tobias Arrive and Embezzle
10070,402.8,"Michael continues lecturing his mother and sister on independence and responsibility. Lindsay stands, Lucille sits with her drink, Tobias fixes his glasses.","Lindsay looks guilty, Lucille looks uninterested.","Lindsay, Lucille, Tobias",no,yourselves. You're all gonna finally,Michael,indoor,Lucille's hotel room,Lindsay and Tobias Arrive and Embezzle
10129,405.16,Michael continues lecturing his mother and sister on independence and responsibility. The sound of a beating drum starts.,,Michael,no,feel that sweet sting of sweat in your eyes as...,Michael,indoor,Lucille's hotel room,Lindsay and Tobias Arrive and Embezzle
10221,408.84,Michael cuts himself off and yells at Buster.,,Michael,no,Buster!,Michael,indoor,Lucille's hotel room,Lindsay and Tobias Arrive and Embezzle
10243,409.72,"Buster sits in another room with sheet music in front of him, banging loudly on a drum. He stops and Michael asks if he can beat the drum on the balcony.",Buster is awkward and oblivious. Michael is frustrated.,Buster,no,you can’t do that on the,Michael,indoor,Lucille's hotel room,Lindsay and Tobias Arrive and Embezzle
10311,412.44,Michael asks if Buster can beat the drum on the balcony instead.,Michael is frustrated.,"Michael, Lindsay, Tobias",no,"balcony, buddy?""",Michael,indoor,Lucille's hotel room,Lindsay and Tobias Arrive and Embezzle
10346,413.84,Buster stares at Michael and says that Lucille told him not to because of the wind. He glances sideways.,,Buster,no,Mom says it’s too windy.,Buster,indoor,Lucille's hotel room,Lindsay and Tobias Arrive and Embezzle
10460,418.4,Michael turns away.,Michael feels he gets different treatment than his other siblings from his mother.,"Michael, Lindsay, Tobias",yes,,,indoor,Lucille's hotel room,Lindsay and Tobias Arrive and Embezzle
10510,420.4,Lucille holds and looks at her fox fir and wonders who cut its foot off.,,Lucille,yes,Who could've done this?,Lucille,indoor,Lucille's hotel room,Lindsay and Tobias Arrive and Embezzle
10536,421.44000000000005,"The scene transitions to a split screen between Lucille looking at her fox fir with its missing foot, and Maeby holding the missing foot. The narrator speaks.",Maeby cut the fox's paw off,"Lucille, Maeby",yes,While Michael was getting fed up with his family,Narrator,,Transition,Transition
10613,424.52,"Maeby stands in front of the banana stand, playing with the fox foot. The narrator continues.",,Maeby,yes,George Michael was finally getting to know them.,Narrator,outdoor,Banana stand,Meeting Maeby
10664,426.56,"Maeby, George-Michael's cousin and Lindsay and Tobias's daughter, walks up to the banana stand and talks to George-Michael. George-Michael wipes the counter.",,"Maeby, George-Michael",yes,"Umm, yeah",Maeby,outdoor,Banana stand,Meeting Maeby
10726,429.04,Maeby claims she bought a frozen banana and found the fox foot in the center. She holds it up.,Maeby pretends to be angry.,Maeby,no,"I bought a frozen banana, and when I bit into it, I found this.",Maeby,outdoor,Banana stand,Meeting Maeby
10846,433.84,George-Michael comments on the foot.,"George-Michael is awkward, confused, and slow.","George-Michael, Maeby",no,It looks like a foot.,George-Michael,outdoor,Banana stand,Meeting Maeby
10885,435.4,Maeby retorts.,Maeby is pretending to be angry.,Maeby,no,It tasted like a foot.,Maeby,outdoor,Banana stand,Meeting Maeby
10912,436.48,George-Michael looks at Maeby,,"George-Michael, Maeby",no,,,outdoor,Banana stand,Meeting Maeby
10935,437.4,"Maeby continues, changing the subject and now complaining about nuts on her banana.",Maeby is messing with George-Michael.,Maeby,no,"Which I didn’t really mind, but I’m pretty sure I said no nuts.",Maeby,outdoor,Banana stand,Meeting Maeby
11033,441.32000000000005,George-Michael recognizes Maeby as his cousin.,,"George-Michael, Maeby",no,"Hey, you’re my cousin, aren’t you?",George-Michael,outdoor,Banana stand,Meeting Maeby
11087,443.48,Maeby brushes her hair aside and responds.,,Maeby,no,Maybe.,Maeby,outdoor,Banana stand,Meeting Maeby
11128,445.12,"The scene pauses. The narrator introduces Maeby. Mae ""Maeby"" Funke Cousin is written on the screen.",,Maeby,no,"This is George-Michael's cousin, Maeby.",Narrator,outdoor,Banana stand,Meeting Maeby
11195,447.8,George-Michael looks at Maeby and smiles.,,George-Michael,yes,,,outdoor,Banana stand,Meeting Maeby
11227,449.08,"Maeby questions her cousin, George-Michael, not recognizing her.",Maeby is surprised and indignant.,Maeby,no,I can't believe you didn't recognize me!,Maeby,outdoor,Banana stand,Meeting Maeby
11272,450.88000000000005,George-Michael responds that his family never sees hers.,,Maeby,no,We never see you.,George-Michael,outdoor,Banana stand,Meeting Maeby
11297,451.88000000000005,George-Michael says he and his father never see any other family members.,,"George-Michael, Maeby",no,We never see anybody in our family.,George-Michael,outdoor,Banana stand,Meeting Maeby
11354,454.16,Maeby says never seeing each other is their parents' fault. George-Michael nods slightly.,George-Michael agrees.,"George-Michael, Maeby",no,"I know, it's our parents' fault.",Maeby,outdoor,Banana stand,Meeting Maeby
11390,455.6,"Maeby pauses for a second, then looks up and says she and George-Michael should teach their parents a lesson.",Maeby is mischievous.,Maeby,no,We should teach them a lesson!,Maeby,outdoor,Banana stand,Meeting Maeby
11437,457.48,"George-Michael laughs a few times, then trails off.",George-Michael laughs awkwardly.,"George-Michael, Maeby",no,,,outdoor,Banana stand,Meeting Maeby
11533,461.32000000000005,George-Michael says they should not get revenge on their parents.,George-Michael is a rule follower,"George-Michael, Maeby",no,"No, I, I don't think so.",George-Michael,outdoor,Banana stand,Meeting Maeby
11572,462.88000000000005,Maeby starts suggesting a plan.,Maeby is mischievous.,"George-Michael, Maeby",no,I should go to my mom tonight,Maeby,outdoor,Banana stand,Meeting Maeby
11602,464.08,Maeby continues describing her plan to kiss George-Michael in front of their parents.,,Maeby,no,"and be, like, I met the cutest guy, and then she’ll see you and me totally making out.",Maeby,outdoor,Banana stand,Meeting Maeby
11689,467.56,George-Michael laughs.,George-Michael feels awkward.,"George-Michael, Maeby",no,,,outdoor,Banana stand,Meeting Maeby
11733,469.32000000000005,Maeby smiles. George-Michael laughs.,,Maeby,no,,,outdoor,Banana stand,Meeting Maeby
11763,470.52,"George Michael laughs, pauses, and asks if Maeby was serious.",George-Michael is taken aback and feels awkward.,"George-Michael, Maeby",no,"But not really, right?",George-Michael,outdoor,Banana stand,Meeting Maeby
11826,473.04,"Maeby, still holding the fox foot, bangs her fist on the counter and pronounces her plan perfect. She imitates herself telling her mom the kissing was because she and her cousin do not see each other enough to know they are cousins.",Maeby wants to kiss George-Michael.,Maeby,no,"It’s perfect! She’d freak out, and I’d be, like, Mom, if we saw each other more often, this wouldn’t happen.",Maeby,outdoor,Banana stand,Meeting Maeby
11945,477.8,George-Michael says that he and Maeby are cousins.,George-Michael is hesitant about kissing Maeby.,"George-Michael, Maeby",no,But we're cousins.,George-Michael,outdoor,Banana stand,Meeting Maeby
11971,478.84,Maeby insists that being cousins is what makes her kissing prank funny.,Maeby wants to kiss George-Michael.,Maeby,no,That's what makes it funny!,Maeby,outdoor,Banana stand,Meeting Maeby
12013,480.52,George-Michael asks if kissing your cousin is illegal.,George-Michael is hesitant about kissing Maeby.,"George-Michael, Maeby",no,But isn't it against the law?,George-Michael,outdoor,Banana stand,Meeting Maeby
12053,482.12,Maeby starts trying to convince George-Michael to kiss her.,Maeby wants to kiss George-Michael.,George-Michael,yes,Come on,Maeby,outdoor,Banana stand,Meeting Maeby
12072,482.88000000000005,"Maeby pouts, leans on the counter, and tries to convince George-Michael to kiss her.",Maeby flirts with George-Michael and wants to kiss him.,Maeby,yes,George-Michael,Maeby,outdoor,Banana stand,Meeting Maeby
12143,485.72,Maeby playfully touches George-Michael's nose with the fox foot. George-Michael makes a face.,Maeby flirts with George-Michael and wants to kiss him. George-Michael is disgusted by the fox foot.,"George-Michael, Maeby",yes,George-Michael,,outdoor,Banana stand,Meeting Maeby
12200,488.00000000000006,Tobias stands in front of a mirror in a fancy bathroom getting ready. The narrator speaks.,,Tobias,yes,Tobias,Narrator,indoor,hotel room,Tobias Becomes a Protesting Pirate
12242,489.68,Tobias pulls a plastic covering off of his bald head. The narrator says he thinks the retirement boat party is pirate themed.,Tobias is dressing up as a pirate.,Tobias,yes,now believing the boat,Narrator,indoor,hotel room,Tobias Becomes a Protesting Pirate
12268,490.72,Tobias opens his bathrobe and rubs cream on his nipple.,Tobias is dressing up as a pirate.,Tobias,yes,party to be pirate themed,Narrator,indoor,hotel room,Tobias Becomes a Protesting Pirate
12302,492.08,Tobias looks through Lindsay's clothing for a pirate costume. He talks aloud to himself,,Tobias,yes,"Hello, you look like a pirate! ""began searching""","Tobias, Narrator",indoor,hotel room,Tobias Becomes a Protesting Pirate
12348,493.92,Tobias wraps Lindsay's pink scarf around his head.,,Tobias,yes,through is wife's luggage for an outfit.,Narrator,indoor,hotel room,Tobias Becomes a Protesting Pirate
12390,495.6,Tobias holds up a pair of black and white striped pants and speaks aloud to himself.,,Tobias,yes,I should say so,Tobias,indoor,hotel room,Tobias Becomes a Protesting Pirate
12415,496.6,Tobias holds up Lindsay's white blouse and speaks aloud to himself.,,Tobias,yes,"look at the blouse, sir!",Tobias,indoor,hotel room,Tobias Becomes a Protesting Pirate
12455,498.2000000000001,"Tobias, dressed as a pirate, walks into the hotel lobby and claps his hands.",Tobias is dressed like a pirate but also looks like one of the gay protestors.,Tobias,yes,Then,Narrator,indoor,hotel lobby,Tobias Becomes a Protesting Pirate
12490,499.6,Tobias follows a pair of flagrantly dressed of gay protestors out the door. The narrator explains how he accidentally joined the protestors' boat.,Tobias thinks the gay protestors are dressed as pirates and going to the same party as him.,"Tobias, gay protestors",yes,mistaking a group of garishly dressed men for pirates,Narrator,indoor,hotel lobby,Tobias Becomes a Protesting Pirate
12567,502.68,Tobias gets in a grey van with the group of gay protestors.,Tobias is oblivious to what is going on.,"Tobias, gay protestors",yes,Tobias boarded a van full of homosexuals.,Narrator,outdoor,Protestors' van,Tobias Becomes a Protesting Pirate
12653,506.12,Tobias sits in the van with the brightly dressed gay protestors as it pulls away. The narrator explains how he came to be on the gay protestors' boat.,Tobias is oblivious to what is going on.,"Tobias, gay protestors",yes,"Soon, he was unwittingly",Narrator,outdoor,Protestors' van,Tobias Becomes a Protesting Pirate
12719,508.7600000000001,Tobias stands on the gay protestors' barge and claps his hands as the others dance and hold signs around him. The narrator explains how he came to be part of the protest against the yacht club.,"Tobias is awkward, confused, and oblivious.","Tobias, gay protestors",yes,part of a protest against the local yacht club.,Narrator,outdoor,Protestors' barge,Tobias Becomes a Protesting Pirate
12799,511.96,Tobias clasps his hands and asks one of the protestors how he is.,"Tobias is earnest, awkward, confused, and oblivious","Tobias, gay protestors",yes,How are you?,Tobias,outdoor,Protestors' barge,Tobias Becomes a Protesting Pirate
12838,513.52,"On the Bluth family boat, Lindsay looks at the protestors and tells Lucille she has the same blouse.",The backstory has now caught up to the opening scene,"Lindsay, Lucille",yes,"Oh, my god, I have the exact same blouse.",Lindsay,outdoor,Family boat party,Tobias Becomes a Protesting Pirate
12901,516.0399999990001,Lucille tells Lindsay the blouse looks better on Tobias than on her.,,"Lucille, Lindsay",yes,I like it better on him.,Lucille,outdoor,Family boat party,Tobias Becomes a Protesting Pirate
12952,518.08,Lindsay turns and looks at Lucille.,Lindsay is disgusted and offended.,"Lucille, Lindsay",yes,,,outdoor,Family boat party,Tobias Becomes a Protesting Pirate
12975,519.0,Michael stands in a suit listening to his father speak. Michael looks down and smiles. The narrator speaks.,"Michael is happy, excited, and proud.",Michael,no,And Michael's big moment finally came.,Narrator,outdoor,Family boat party,The Surprising Announcement
13050,522.0,George Senior stands and holds a torch trophy. He is wearing a cowboy hat and sunglasses. He looks around the crowd and prepares to introduce the new C.E.O. of the family business to the guests.,,George Senior,no,I give you the new C.E.O. of the Bluth Company,George Senior,outdoor,Family boat party,The Surprising Announcement
13146,525.84,"Buster stands in the crowd of guests, holding a camera. The camera zooms in on GOB, sitting at a table and drinking. George Senior describes his successor as the smartest in the family.",GOB is disinterested.,"Buster, GOB, Lucille, guests",no,certainly the smartest,George Senior,outdoor,Family boat party,The Surprising Announcement
13213,528.52,George Senior describes his successor as the smartest in the family. Michael looks down and smiles.,Michael believes his father is talking about him.,Michael,no,"Bluth,",George Senior,outdoor,Family boat party,The Surprising Announcement
13240,529.6,"George Senior, at the front of the crowd, holds the trophy and says his successor is his favorite family member.",,George Senior,no,my favorite Bluth.,George Senior,outdoor,Family boat party,The Surprising Announcement
13269,530.76,Michael grins and looks up at his father. George Senior continues talking.,Michael believes George Senior is talking about him.,Michael,no,"And the, uh,",George Senior,outdoor,Family boat party,The Surprising Announcement
13318,532.72,A close up of George Senior's face. He describes his successor as sexy.,George Senior was not talking about Michael.,George Senior,no,sexiest creature I have ever laid eyes on.,George Senior,outdoor,Family boat party,The Surprising Announcement
13434,537.36,"Michael blinks once, makes a face, and looks down.",Michael is confused and surprised by his father's comment.,Michael,no,,,outdoor,Family boat party,The Surprising Announcement
13472,538.88,"After a pause, George Senior announces the new C.E.O. is Lucille and offers her the torch trophy.",,George Senior,no,"My lovely wife, Lucille.",George Senior,outdoor,Family boat party,The Surprising Announcement
13506,540.24,Lucille jumps and shouts. The crowd of guests cheer.,Lucille is excited.,"Lucille, Lindsay, guests",no,,,outdoor,Family boat party,The Surprising Announcement
13527,541.08,Buster grins and claps. Lucille laughs.,,"Buster, guests",no,,,outdoor,Family boat party,The Surprising Announcement
13544,541.76,"Michael turns to look at George-Michael, eyes wide.",Michael is shocked his father chose Lucille instead of him.,Michael,yes,,,outdoor,Family boat party,The Surprising Announcement
13569,542.76,George-Michael looks back at Michael. The crowd claps.,George-Michael is surprised too.,"George-Michael, guests",yes,,,outdoor,Family boat party,The Surprising Announcement
13600,544.0,Michael turns and looks at his father.,Michael is shocked at George Senior's announcement.,Michael,yes,,,outdoor,Family boat party,The Surprising Announcement
13638,545.52,Lindsay looks at Lucille and grins. The crowd of guests clap.,Lindsay is happy with the announcement.,"Lindsay, guests",yes,,,outdoor,Family boat party,The Surprising Announcement
13664,546.5599999990001,Lucille holds up her hands and screams.,Lucille is excited.,"Lucille, guests",yes,,,outdoor,Family boat party,The Surprising Announcement
13686,547.44,"Lucille laughs, jumps up and down, and hugs Lindsay. The guests grin and clap behind her.",Lucille and Lindsay are excited about the announcement.,"Lucille, Lindsay, GOB, guests",yes,,,outdoor,Family boat party,The Surprising Announcement
13731,549.24,"Michael watches Lucille walk up to the front of the crowd, holding the torch trophy. He looks at George Senior.",Michael is upset his father did not make him C.E.O. of the family company.,"Michael, Lucille",yes,"Oh my gosh! ""Congratulations""","Lucille, Lindsay",outdoor,Family boat party,The Surprising Announcement
13784,551.36,George Senior walks over to Michael. Lucille accepts a bouquet of flowers.,George Senior knows Michael is disappointed.,"George Senior, Michael, Lucille, Lindsay, Buster",yes,,,outdoor,Family boat party,The Surprising Announcement
13840,553.6,"George Senior hugs Michael, quietly tells him that it is not the right time for him to be C.E.O., and walks away.",George Senior knows that Michael is upset and disappointed.,"Michael, George Senior",yes,"Sorry, it's not the right time.",George Senior,outdoor,Family boat party,The Surprising Announcement
13947,557.88,"Lucille grins and twirls for the crowd. She holds the torch trophy and a bouquet of flowers. Lindsay, Buster, and the guests smile and clap.","Lucille and Lindsay are happy that Lucille will be C.E.O, and Michael will not.","Lucille, Lindsay, Buster, GOB, guests",yes,,,outdoor,Family boat party,The Surprising Announcement
14009,560.36,Michael stares straight ahead and says nothing.,Michael is upset and disappointed he was not made C.E.O.,Michael,yes,,,outdoor,Family boat party,The Surprising Announcement
14064,562.5600000000002,BLANK SCREEN 3,,,no,,,,,The Surprising Announcement
14114,564.5600000000002,"Lucille grins and holds the torch trophy and bouquet of flowers. Lindsay, Buster, and the guests smile and clap.",Lucille is happy with the announcement.,"Lucille, Lindsay, Buster, guests",yes,,,outdoor,Family boat party,The Surprising Announcement
14147,565.88,Michael turns and looks and Lindsay. She starts speaking to him.,Michael is upset and disappointed.,Michael,yes,"Well I’m not going to lie to you,",Lindsay,outdoor,Family boat party,The Surprising Announcement
14188,567.52,"Lindsay tells Michael that Lucille's promotion is great news for her charity, HOOP.",Lindsay smugly tells Michael that she can and will keep funneling money from the family company.,"Lindsay, Michael",yes,"Michael, this is great news for HOOP.""",Lindsay,outdoor,Family boat party,The Surprising Announcement
14243,569.72,Michael shakes his head and pushes his way past Lindsay.,"Michael is upset and disappointed at the announcement, and frustrated with his family.",Michael,yes,,,outdoor,Family boat party,The Surprising Announcement
14279,571.1600000000002,"Michael walks past Lindsay, through the crowd.",,"Lindsay, Michael, guests",yes,,,outdoor,Family boat party,The Surprising Announcement
14323,572.9200000000002,"On their barge, the group of gay protestors dance and hold signs.",,Gay protestors,yes,,,outdoor,Protestors' barge,Free at Last/The Kiss
14410,576.4000000000002,"From the upper deck of the yacht, Michael watches the protestors and slowly smiles.",Michael feels freed by not being chosen as C.E.O. and is happy.,Michael,yes,,,outdoor,Family boat party,Free at Last/The Kiss
14500,580.0,"One of the gay protestors dances on the barge, holding a sign that says Freedom.",,Gay protestors,yes,,,outdoor,Protestors' barge,Free at Last/The Kiss
14592,583.6800000000002,George-Michael walks toward his father.,George-Michael is going to console Michael,George-Michael,yes,,,outdoor,Family boat party,Free at Last/The Kiss
14639,585.5600000000002,"George-Michael walks up to Michael, who turns, smiles, and greets him.","Michael is happy and feels freed, not having been chosen to be C.E.O.","Michael, George-Michael",yes,Hey.,Michael,outdoor,Family boat party,Free at Last/The Kiss
14687,587.48,George-Michael asks his father if he is alright.,George-Michael knows his father must be upset.,"George-Michael, Michael",yes,You okay?,George-Michael,outdoor,Family boat party,Free at Last/The Kiss
14706,588.24,Michael puts his arm around his son and says it is time for them to move on.,Michael is okay with not having been chosen to be C.E.O.,"Michael, George-Michael",yes,"You and I, we’ve waited long enough. Time to move on.",Michael,outdoor,Family boat party,Free at Last/The Kiss
14790,591.6,Michael rustles George-Michael's hair. George-Michael looks off into the distance.,George-Michael wants to do something before they leave.,"George-Michael, Michael",yes,Alright?,Michael,outdoor,Family boat party,Free at Last/The Kiss
14894,595.76,George-Michael walks down the stairs toward Maeby. He laments that their families will see each other even less than before.,George-Michael is going to miss Maeby.,"George-Michael, Maeby, guests",no,I guess we're gonna see you guys even less now.,George-Michael,outdoor,Family boat party,Free at Last/The Kiss
14951,598.0400000000002,Maeby says they should have taught their parents a lesson when they had the chance.,Maybe means they should have kissed in front of their parents before George-Michael had to leave.,"Maeby, George-Michael, guests",no,I told you we should have taught them a lesson.,Maeby,outdoor,Family boat party,Free at Last/The Kiss
15023,600.9200000000002,Lindsay drinks a glass of champagne at the party. George Senior calls her over for a picture.,,Lindsay,no,"Lindsay! I want you in this picture, come on.",George Senior,outdoor,Family boat party,Free at Last/The Kiss
15082,603.2800000000002,"Lindsay begins walking toward George Senior, approaching Maeby and George-Michael. Maeby turns to look at George-Michael, who is not paying attention, and grins.",Maeby is going to kiss George-Michael in front of her mother.,"Maeby, George-Michael, Lindsay",no,,,outdoor,Family boat party,Free at Last/The Kiss
15115,604.6,"As Lindsay walks past, Maeby grabs George-Michael by the face and kisses him hard. Lindsay does not see.",,"Maeby, George-Michael, Lindsay",no,,,outdoor,Family boat party,Free at Last/The Kiss
15220,608.8000000000002,"Lindsay, Lucille, Michael, Buster, and GOB pose for a picture. Lucille holds the torch trophy and bouquet of roses. Michael crosses his arms. George Senior tells everybody to smile.",Michael is disinterested.,"Lindsay, Lucille, Michael, Buster, GOB",no,"Alright, let's see some smiles,",George Senior,outdoor,Family boat party,Prepare to be Boarded
15254,610.1600000000002,George Senior takes a picture.,,"George Senior, guests",no,people.,George Senior,outdoor,Family boat party,Prepare to be Boarded
15274,610.96,"Lindsay, Lucille, and Michael pose for George Senior to take a picture. Lucille holds the torch trophy and bouquet of roses. George-Senior makes a joke.",Michael is uncomfortable.,"Lindsay, Lucille, Michael, George Senior",no,"It's a party, not a",George Senior,outdoor,Family boat party,Prepare to be Boarded
15338,613.52,"Michael, Buster, and GOB pose for George Senior to take a picture. George Senior makes a joke. The drum plays a rimshot.",,"Michael, Buster, GOB",no,Shareholders' meeting.,George Senior,outdoor,Family boat party,Prepare to be Boarded
15377,615.08,"Two boats, one marked SHERIFF quickly approach the Bluths' yacht, sirens blaring.",,Securities and Exchange Commission,no,,,outdoor,Family boat party,Prepare to be Boarded
15422,616.88,GOB asks if the boats are police boats. The drum plays another rimshot.,,"GOB, Buster, Michael",no,Are those police boats?,GOB,outdoor,Family boat party,Prepare to be Boarded
15485,619.4000000000002,Everyone turns to look at the boats with the siren. George Senior lowers his camera. GOB again says they are police boats.,George Senior is worried.,"George-Senior, Buster, Lindsay, Lucille, Michael, Buster",no,"No, I’m serious. I think they are police boats.",GOB,outdoor,Family boat party,Prepare to be Boarded
15550,622.0,"The boats approach the Bluths' yacht, sirens blaring. A voice calls out that they will board the yacht.",,Securities and Exchange Commission,no,Prepare to be boarded!,Securities and Exchange Commission,outdoor,Family boat party,Prepare to be Boarded
15581,623.24,The voice again instructs them to prepare for boarding. George-Michael and Maeby abruptly stop kissing and look around.,George-Michael and Maeby are surprised and worried.,"George-Michael, Maeby",no,Prepare to be boarded!,Securities and Exchange Commission,outdoor,Family boat party,Prepare to be Boarded
15620,624.8000000000002,George-Michael shouts that he knew kissing Maeby was illegal.,George-Michael thinks the police are coming to arrest him because he kissed his cousin.,"George-Michael, Maeby",no,I knew it was against the law!,George-Michael,outdoor,Family boat party,Prepare to be Boarded
15662,626.48,George Senior recognizes the boats as the Securities and Exchange Commission.,George Senior is worried.,George Senior,yes,That's the Securities and Exchange Commission.,George Senior,outdoor,Family boat party,Prepare to be Boarded
15729,629.1600000000002,Buster asks if the Securities and Exchange Commission has boats.,Buster is surprised.,"Buster, GOB",yes,They have boats?,Buster,outdoor,Family boat party,Prepare to be Boarded
15756,630.24,George Senior asks the crowd for a cell phone.,George Senior is worried.,"George Senior, guests",yes,"Alright, give me a cell phone.",George Senior,outdoor,Family boat party,Prepare to be Boarded
15784,631.36,Lucille yells at Lindsay and Buster to come to the bridge with her and rushes off.,Lucille is panicking.,"Lucille, Lindsay, Michael, Buster",yes,"Lindsay, Buster, up to the bridge!",Lucille,outdoor,Family boat party,Prepare to be Boarded
15838,633.5200000000002,Michael stares silently. Lucille yells at Buster.,,Michael,yes,"Come on, Buster!",Lucille,outdoor,Family boat party,Prepare to be Boarded
15875,635.0,"Lucille, Lindsay, and Buster run toward the bridge. Lucille shouts. The shot transitions to a splitscreen with George Senior talking on a cell phone.",Everyone is panicking.,"Lindsay, Buster, guests",yes,Might good grief!,Lucille,outdoor,Family boat party,Prepare to be Boarded
15916,636.64,"On one side of the split screen, George Senior tells someone on the phone named Dolores to empty an account. On the other, Lucille yells at guests and pushes them out of the way as she, Buster, and Lindsay run to the bridge.","George Senior is trying to cover up something illegal involving money. Lucille, Buster, and Lindsay are panicking.","George Senior, Lindsay, Buster, guests",yes,"Dolores, listen to me. Empty the account. ""Out of my way!""","George Senior, Lucille",outdoor,Family boat party,Prepare to be Boarded
16002,640.08,"On one side of the split screen, George Senior asks Dolores on the phone why she is crying. On the other, Lucille pushes yells at guests and pushes them out of the bridge as she, Buster, and Lindsay rush onto the bridge.","Lucille, Buster, and Lindsay are panicking.","George Senior, Lindsay, Buster, Lucille, guests",yes,"Why are you crying? ""Out of my way, Celeste!""","George Senior, Lucille",outdoor,Family boat party,Prepare to be Boarded
16036,641.44,The split screen transitions to Lindsay running up the stairs to the bridge after Buster and Lucille. George Senior asks Dolores again why she is crying.,,"Lindsay, Buster, George Senior",yes,Why are you crying?,George Senior,outdoor,The bridge,Prepare to be Boarded
16066,642.64,"Lucille pushes the captain out of her way as she, Buster, and Lindsay enter the bridge.",Lucille is panicking.,"Captain, Lucille, Buster, Lindsay",yes,"Out of my way. Out, out, out.",Lucille,outdoor,The bridge,Prepare to be Boarded
16133,645.32,Lucille tells Lindsay to take over steering the yacht. Lindsay lunges for the wheel.,,"Lindsay, Lucille, Buster, Captain",yes,"Lindsay, take the wheel.",Lucille,outdoor,The bridge,Prepare to be Boarded
16167,646.6800000000002,Lindsay approaches the wheel. Lucille tells Buster to find a way to the ocean.,Lindsay is frantic.,"Lindsay, Lucille, Buster, Captain",yes,"Buster, find us a channel to the ocean.",Lucille,outdoor,The bridge,Prepare to be Boarded
16210,648.4000000000002,Buster stammers that he does not have any of his equipment with him.,Buster is nervous.,"Buster, Lucille, Lindsay, Captain",yes,"Gee, I don’t really have any of my mapping equipment with me.",Buster,outdoor,The bridge,Prepare to be Boarded
16257,650.2800000000002,Lindsay yells at Buster about his expensive cartography lessons and tells him to find a way to open water.,Buster starts hyperventilating.,"Lindsay, Buster, Lucille",yes,You’ve had eighty thousand dollars worth of cartography lessons. Get us a channel to the ocean.,Lindsay,outdoor,The bridge,Prepare to be Boarded
16351,654.0400000000002,Buster starts hyperventilating. Lucille locks the door to the bridge.,,"Buster, Lucille",yes,"Okay, okay, okay.",Buster,outdoor,The bridge,Prepare to be Boarded
16414,656.5600000000002,George Senior asks Dolores on the phone if she can hear him.,,George Senior,yes,Can you hear me now?,George Senior,outdoor,The bridge,Prepare to be Boarded
16439,657.5600000000002,Buster looks at the map and says the blue part is the land. Lucille looks over his shoulder. The captain stands outside the locked door.,Buster does not know anything about cartography or how to read a map.,"Buster, Lucille, Captain",yes,Obviously this blue part here is the land. And that would mean...,Buster,outdoor,The bridge,Prepare to be Boarded
16536,661.44,"Buster trails off, and starts hyperventilating, having a panic attack. Lindsay and Lucille try to calm him down. The captain pulls out a cell phone outside the locked door.",Buster does not know the first thing about cartography or reading a map and got nervous under pressure.,"Buster, Lucille, Lindsay, Captain",yes,"Oh, Buster, Buster, it'll be alright.",Lucille,outdoor,The bridge,Prepare to be Boarded
16632,665.2800000000002,GOB leads George Senior upstairs to the Aztec Tomb. George Senior tells Dolores on the phone to shred and save certain things.,George Senior is trying to quickly cover up something illegal.,"George Senior, GOB",yes,"Shredder. No, save it. Save it. Shredder.",George Senior,outdoor,Family boat party,Prepare to be Boarded
16698,667.9200000000002,"Buster sinks to the floor, hyperventilating and panicking. Lucille begs him to keep it together.","Buster, Lucille, and Lindsay are panicking.","Buster, Lucille, Lindsay",yes,"Please, don’t leave us now, Buster, please!",Lucille,outdoor,Family boat party,Prepare to be Boarded
16779,671.1600000000002,GOB pushes George Senior into the Aztec Tomb. George Senior pauses telling Dolores on the phone to shred things.,GOB is trying to hide George Senior.,"GOB, George Senior, guests",yes,"Get in the tomb. The Aztec Tomb. ""Save it. Shredder. Hold on, just a sec""","GOB, George Senior",outdoor,Family boat party,Prepare to be Boarded
16863,674.5200000000002,George Senior tells GOB he does not have time for this.,George Senior is annoyed.,"George Senior, GOB",yes,I don’t have time for your magic tricks.,George Senior,outdoor,Family boat party,Prepare to be Boarded
16907,676.2800000000002,GOB sighs and rolls his eyes. He corrects George Senior about the difference between magic and illusions.,GOB is annoyed.,GOB,yes,"Illusions, Dad. You don’t have time for my illusions.",GOB,outdoor,Family boat party,Prepare to be Boarded
16983,679.32,George Senior asks GOB what is wrong with him. GOB shuts the door on him.,,"GOB, George Senior",yes,What is wrong with you? Why are you so,George Senior,outdoor,Family boat party,Prepare to be Boarded
17043,681.72,George Senior yells from inside the Aztec Tomb.,,GOB,yes,angry?,George Senior,outdoor,Family boat party,Prepare to be Boarded
17053,682.12,GOB presses his head and hand against the outside of the Aztec Tomb. He tells George Senior to stay inside and he will disappear.,,GOB,yes,"Look, just stay in the box. I’ll make you disappear.",GOB,outdoor,Family boat party,Prepare to be Boarded
17112,684.48,Michael stands and watches the chaos silently. The narrator says the Bluth family was all over the news that night.,Michael is unconcerned.,Michael,yes,The Bluth family dominated the,Narrator,outdoor,Family boat party,Prepare to be Boarded
17160,686.4000000000002,A news channel shows an opening graphic with PURSUIT written on the screen.,,,yes,news that night.,Narrator,indoor,TV news station,Bluths on the News
17207,688.2800000000002,A male news anchor begins describing George Senior's arrest. The report shows a picture of George Senior in handcuffs with the caption Arrested Developer!,,"Anchor, George Senior",no,Bluth Development Company president George,Anchor,indoor,TV news report,Bluths on the News
17268,690.72,"The anchor describes George Senior's arrest. A picture of George Senior standing Lucille, holding a glass diorama of a development.",,"George Senior, Lucille",no,Bluth was arrested tonight,Anchor,indoor,TV news station,Bluths on the News
17310,692.4000000000002,"Buster, Lucille, Michael, Lindsay, GOB, and the guests watch from the yacht as the Securities and Exchange Commission leave with George Senior. Buster waves. George Senior waves back. The anchor says he defrauded investors and used company money illegal.",,"George Senior, Buster, Lucille, Michael, Lindsay, GOB, guests",no,"for defrauding investors, and using the company as his personal piggy bank.",Anchor,outdoor,Family boat party,Bluths on the News
17439,697.5600000000002,The anchor changes subject to something else that happened on the water that day.,,Anchor,no,More intrigue on the high,Anchor,indoor,TV news report,Bluths on the News
17470,698.8000000000002,"The anchor says the gay protestor, whom he calls pirates, were arrested during their protest. The protestors dance, chant and hold signs. Tobias claps and looks around.",Tobias is confused and awkward.,"Tobias, Gay protestors",no,"seas tonight, as dozens of local pirates were arrested for protesting the Yacht Club’s discriminatory policies. ""We're here! We're queer! We want to get married on the water!""","Anchor, Gay protestors",outdoor,Protestors' barge,Bluths on the News
17626,705.0400000000002,"GOB, George-Michael, and Buster watch the news report from the prison waiting room. Lindsay and a police officer walk by. The narrator says GOB made the news.",,"GOB, George-Michael, Buster, Lindsay",no,Even Michael's brother GOB made the news.,Narrator,indoor,Prison waiting room,Bluths on the News
17675,707.0,"On the TV in the prison waiting room, a female reporter named Trisha Thoon describes GOB hiding George Senior in the Aztec tomb and mispronounces his name.",,Trisha Thoon,no,"It was Mr. Bluth's son, gob",Trisha Thoon,indoor,Prison waiting room,Bluths on the News
17734,709.36,"GOB grimaces. Trisha Thoon, the female reporter, describes him as a part-time magician.",GOB grimaces at the mispronunciation of his name.,"GOB, George-Michael, Lindsay, Lucille",no,a part time magician,Trisha Thoon,indoor,Prison waiting room,Bluths on the News
17770,710.8000000000002,"Trisha Thoon, the female reporter, explains how the Aztec Tomb works.",,"Trisha Thoon, GOB",no,"who hid his father here, in The Aztec Tomb. By pushing on this pivoting panel",Trisha Thoon,indoor,Prison waiting room,Bluths on the News
17909,716.36,GOB quietly says the Alliance of Magicians will be angry with him. Lucille puts on makeup.,GOB is upset his secrets are being revealed on television.,"GOB, George-Michael, Lucille, Lindsay",no,I have to think the Alliance is gonna frown on this.,GOB,indoor,Prison waiting room,Bluths on the News
17988,719.5200000000002,"Trisha Thoon, the female reporter, says the Aztec Tomb is a good trick for humans, but not good enough to fool the dogs.",,Trisha Thoon,no,"Perhaps a good trick for a human, but the dogs found him almost instantly.",Trisha Thoon,indoor,Prison waiting room,Bluths on the News
18109,724.36,"The gay protestors walk into the prison waiting room, having just been released. Tobias runs out and hugs Lindsay.",,"Gay protestors, Tobias, Lindsay",no,"Free at last, y'all. ""I'm alright, gang. I'm alright.""","Gay protestors, Tobias",indoor,Prison waiting room,Tobias's Revelation
18188,727.5200000000002,Lindsay greets Tobias dryly.,Tobias is relieved. Lindsay is not interested.,"Lindsay, Tobias",no,Thank god.,Lindsay,indoor,Prison waiting room,Tobias's Revelation
18213,728.5200000000002,"Tobias says he had an adventure. Buster starts massaging his shoulders, and Tobias turns around and tells him to stop. Buster backs off.",Tobias is relieved. Buster is awkward.,"Tobias, Lindsay, Maeby, Buster",no,"Oh, what an adventure. Oh, my goodness. Hey, Buster! Don't do that.",Tobias,indoor,Prison waiting room,Tobias's Revelation
18345,733.8000000000002,Tobias tells the family about confusing the gay protestors for pirates.,,"Tobias, Buster",no,"What an adventure, gang. I thought that the homosexuals were pirates. But it turns out that most of them were actors in the local theater.",Tobias,indoor,Prison waiting room,Tobias's Revelation
18560,742.4000000000002,The rest of the family looks at Tobias silently. George-Michael turns to look at the news on TV.,The Bluths are not amused by Tobias's story.,"Tobias, Lindsay, George-Michael, GOB, Lucille, Maeby",no,,,indoor,Prison waiting room,Tobias's Revelation
18614,744.5600000000002,Tobias continues with his story about the path the universe showed him.,Tobias misinterprets the family's silence as amazement.,Tobias,no,"You’re right though, it is amazing. I’ve been waiting for the universe to provide a path",Tobias,indoor,Prison waiting room,Tobias's Revelation
18732,749.2800000000002,Maeby stares at Tobias.,Maeby is not impressed.,Maeby,no,for me and,Tobias,indoor,Prison waiting room,Tobias's Revelation
18762,750.48,Tobias continues his revelation.,Tobias was inspired by his experience with the gay protestors.,Tobias,no,and I think it has.,Tobias,indoor,Prison waiting room,Tobias's Revelation
18818,752.72,Lindsay assumes Tobias means he has decided he is gay.,,"Lindsay, Lucille, Maeby, Buster, George-Michael",no,You're gay.,Lindsay,indoor,Prison waiting room,Tobias's Revelation
18851,754.0400000000002,Tobias says he is not gay.,,Tobias,no,"No, no.",Tobias,indoor,Prison waiting room,Tobias's Revelation
18888,755.5200000000002,Tobias stammers that he is not gay and asks Lindsay if they need to discuss this again.,Lindsay has thought Tobias is gay before.,"Tobias, Lindsay, Maeby, Lucille, GOB, Buster",no,"I’m not, I’m not gay. No. Lindsay, how many times must we have this",Tobias,indoor,Prison waiting room,Tobias's Revelation
19009,760.36,Tobias says realized he wants to become an actor.,,Tobias,no,No. I want to be an actor.,Tobias,indoor,Prison waiting room,Tobias's Revelation
19113,764.5200000000002,"Lindsay, Lucille, Buster, and GOB stare open-mouthed at Tobias.",The rest of the family is stunned.,"Lindsay, Lucille, Buster, GOB",no,,,indoor,Prison waiting room,Tobias's Revelation
19167,766.6800000000002,Tobias giggles.,Tobias is excited and giddy.,"Tobias, Lindsay, Maeby, George-Michael",no,,,indoor,Prison waiting room,Tobias's Revelation
19209,768.36,Lindsay starts to respond but Michael cuts her off. GOB and Lucille stare at Tobias.,Lucille and GOB are stunned.,"Lindsay, GOB, Lucille, Buster",no,"Okay, guys, um",Michael,indoor,Prison waiting room,Michael Leaves
19246,769.84,"Michael walks into the waiting room. He looks disheveled, his tie is loose and is hair is messy. He says George Senior has to stay in prison for the moment.","Once again, Michael has been doing all the work dealing with the situation.","Michael, George-Michael",no,they are going to keep Dad in prison at least until this gets,Michael,indoor,Prison waiting room,Michael Leaves
19345,773.8000000000002,Lucille puts on lipstick. She glances at Michael.,Lucille is disinterested and does not care.,Lucille,no,all sorted out.,Michael,indoor,Prison waiting room,Michael Leaves
19372,774.88,Michael adds that the Bluth Company's expense account is being frozen.,,"Michael, Lindsay, Tobias",no,"Also, the attorney said that they’re going to have to put a halt on the company’s expense account.",Michael,indoor,Prison waiting room,Michael Leaves
19469,778.7600000000001,The rest of the family gasps.,The rest of the family cares more about not being able to use the company's money than about George Senior.,"Lindsay, GOB, Lucille, Buster",no,,,indoor,Prison waiting room,Michael Leaves
19494,779.7600000000001,Buster stares at Michael,,"Buster, Lucille, Maeby",no,,,indoor,Prison waiting room,Michael Leaves
19513,780.5200000000002,Michael says he expected them to be upset by the fact that George Senior has to stay in prison.,Michael is disappointed in his family and their greed.,"Michael, George-Michael, GOB",no,Interesting. I would’ve expected that after they’re keeping Dad in jail.,Michael,indoor,Prison waiting room,Michael Leaves
19579,783.1600000000002,Lindsay reminds Michael that George Senior made Lucille C.E.O.,Lindsay is trying to pawn off responsibility for the fraud and access the money.,"Lindsay, Michael, George-Michael, Lucille, Buster, GOB",no,"You know, Michael, Dad did name Mom as his",Lindsay,indoor,Prison waiting room,Michael Leaves
19669,786.7600000000001,Michael stares as Lindsay.,,"Michael, George-Michael, Lindsay",no,successor.,Lindsay,indoor,Prison waiting room,Michael Leaves
19704,788.1600000000002,"Lucille pats Buster on the head and says that she is putting him in charge of the company.""",Lucille is also trying to pawn off responsibility for the company while it is under investigation.,"Lucille, Lindsay, Buster, Maeby",no,And I'm putting Buster in charge.,Lucille,indoor,Prison waiting room,Michael Leaves
19750,790.0,GOB says Buster is a good choice for C.E.O. Lindsay and Lucille nod.,The family wants to pawn off responsibility for the mess on Buster.,"Lindsay, Lucille, Buster",no,He's a good choice.,GOB,indoor,Prison waiting room,Michael Leaves
19775,791.0,Michael questions the idea of putting Buster in charge.,Michael is surprised.,"Lindsay, Lucille, Buster",no,Buster?,Michael,indoor,Prison waiting room,Michael Leaves
19795,791.8000000000002,Michael reminds his family that Buster cannot even read a map.,Michael is surprised and does not agree with putting Buster in charge.,Michael,no,The guy who thought that the blue on the map was land?,Michael,indoor,Prison waiting room,Michael Leaves
19894,795.7600000000001,Lucille argues that Buster has taken business classes.,Lucille is trying to pawn off responsibility for the company on Buster.,"Lucille, Buster, Lindsay, Maeby",no,"'He's had business classes!""",Lucille,indoor,Prison waiting room,Michael Leaves
19934,797.36,"Buster stands up and stops the others. He says his classes were in very old style business and not related, then decides the basics must be the same.",,"Buster, Lucille, Maeby",no,"Wait, wait, wait, wait, wait. eighteenth century agrarian business, but I guess it’s all the same principles.",Buster,indoor,Prison waiting room,Michael Leaves
20085,803.4000000000002,Michael stares at Buster.,Michael does not support putting Buster in charge.,Michael,no,,,indoor,Prison waiting room,Michael Leaves
20112,804.48,Buster asks the family if they are worried about an uprising. Michael scoffs.,Buster tries to apply his business knowledge from his classes.,"Buster, Lucille, Maeby, Lindsay",no,"Let me ask you, are you at all concerned about an uprising?",Buster,indoor,Prison waiting room,Michael Leaves
20170,806.8000000000002,Michael yells at his family that he is done helping them and is sick of their greed and antics.,Michael is again frustrated with his family.,Michael,no,That’s it. I’m done. I’m sick and tired of the greed and the selfishness and all the taking. Forget it. I’ve got a son to think,Michael,indoor,Prison waiting room,Michael Leaves
20335,813.4000000000002,George-Michael watches his father's outburst. Michael addresses Lindsay.,,George-Michael,no,"about. And you know,",Michael,indoor,Prison waiting room,Michael Leaves
20356,814.24,Michael turns to Lindsay and addresses her individually. Lindsay listens with her arms crossed. Lucille stares open-mouthed.,"Michael is especially disappointed in his sister, Lindsay, because she is actually capable.","Michael, Lindsay, George-Michael, Lucille, Buster, Tobias, GOB",no,"Lindsay, by the way, I expected this from them because they’re",Michael,indoor,Prison waiting room,Michael Leaves
20427,817.08,Michael gets close to Lindsay's face and speaks to her.,Michael is particularly angry at and disappointed in his sister.,"Michael, Lindsay",no,"completely oblivious, but you?",Michael,indoor,Prison waiting room,Michael Leaves
20484,819.36,"Michael pauses, tells Lindsay she should know better, and turns to leave.",Michael is disappointed in his sister.,"Michael, Lindsay",no,You should know better.,Michael,indoor,Prison waiting room,Michael Leaves
20567,822.6800000000002,The rest of the Bluths stare silently after Michael as he leaves. The narrator begins speaking.,,"Lindsay, Lucille, GOB, Buster, Maeby",yes,"In the days that followed, Lindsay",Narrator,indoor,Prison waiting room,Michael Leaves
20639,825.5600000000002,The narrator says Lindsay and her family were forced to leave their hotel early. Lindsay and Tobias sneak out of their room wearing many layers of clothes.,Lindsay and her family are out of money.,"Tobias, Lindsay",yes,had no choice but to check her family out of the hotel earlier than planned.,Narrator,indoor,Hotel,Aftermath: Lindsay & Tobias
20737,829.48,"Lindsay, Tobias, and Maeby sneak out of their hotel room wearing many layers of clothes and run down the hallway.",,"Lindsay, Tobias, Maeby",yes,,,indoor,Hotel,Aftermath: Lindsay & Tobias
20819,832.7600000000001,"Tobias, Lindsay, and Maeby run down stairs through the hotel kitchen.","Tobias, Lindsay, and Maeby are sneaking out of their hotel.","Tobias, Lindsay, Maeby",yes,,,indoor,Hotel,Aftermath: Lindsay & Tobias
20842,833.6800000000002,"Tobias, Lindsay, and Maeby run out the back door of the hotel, carrying all their bags.",,"Tobias, Lindsay, Maeby",yes,,,indoor,Hotel,Aftermath: Lindsay & Tobias
20938,837.5200000000002,The narrator says Tobias started looking for acting jobs.,,"Tobias, Lindsay, Maeby",yes,and her husband started looking for work.,Narrator,indoor,Hotel,Aftermath: Lindsay & Tobias
20978,839.12,"Tobias stands on a stage in front of a red curtain, wearing a suit. He describes his academic background.",Tobias is auditioning for an acting job.,Tobias,no,"My name is Dr. Tobias Fünke. I was chief resident of psychiatry at Mass General for two years, and I did my fellowship in psycholinguistics at MIT.",Tobias,indoor,Audition,Aftermath: Lindsay & Tobias
21222,848.8800000000001,Tobias introduces his audition song.,Tobias is auditioning for an acting job.,Tobias,no,And this is,Tobias,indoor,Audition,Aftermath: Lindsay & Tobias
21267,850.6800000000002,Tobias introduces the song he will sing. A piano starts playing and he dances badly.,Tobias is auditioning for an action job. He is a terrible actor.,Tobias,yes,"I'm a Bad, Bad Man from Annie Get Your Gun",Tobias,indoor,Audition,Aftermath: Lindsay & Tobias
21410,856.4000000000002,Three judges sit at a table in a school gymnasium listening to Tobias's audition.,"Tobias is auditioning for a small time, local show.",Judges,yes,,,indoor,Audition,Aftermath: Lindsay & Tobias
21476,859.0400000000002,Tobias starts singing.,Tobias is a terrible actor.,"Tobias, Judges",yes,I'm,Tobias,indoor,Audition,Aftermath: Lindsay & Tobias
21519,860.7600000000001,Lucille stands in an expensive suit in front of a crowd of reporters holding microphones and shouting questions. The narrator says she was having a hard time.,,"Lucille, reporters",yes,Lucille was finding it difficult to go about her daily life.,Narrator,outdoor,Marble steps,Aftermath: Lucille
21594,863.7600000000001,"Lucille defends George Senior, saying he is not the criminal mastermind he appears to be.",Lucille makes the mistake of referencing George Senior using a shredder.,"Lucille, reporters",yes,"The SEC is making him out to be some kind of mastermind, which believe me, he’s not. The man could barely work our shredder!",Lucille,outdoor,Marble steps,Aftermath: Lucille
21734,869.36,The reporters shout more questions and Lucille throws up her hands. The narrator continues.,,"Lucille, reporters",yes,Michael was able to,Narrator,outdoor,Marble steps,Aftermath: Michael
21766,870.6400000000001,Michael sits in front of a glass desk in a fancy office. The narrator says he got a job almost immediately at a different company.,Michael is the only member of his family finding success.,Michael,yes,"secure a job with a rival housing company almost immediately. ""Plus there are perks.""","Narrator, Interviewer",indoor,Sitwell housing,Aftermath: Michael
21842,873.6800000000002,The interviewers for Michael's new job offer him housing arrangements.,Michael is the only member of his family finding success.,Michael,yes,We'll set you up,Interviewer,indoor,Sitwell housing,Aftermath: Michael
21866,874.6400000000001,The interviewer offers Michael to live in their nicest housing unit.,,Interviewer,yes,in Arizona in one of our finest estates.,Interviewer,indoor,Sitwell housing,Aftermath: Michael
21920,876.8000000000002,Michael leans in and asks the interviewer if he gets to live in the attic or the house itself.,,Michael,yes,Attic or main house?,Interviewer,indoor,Sitwell housing,Aftermath: Michael
22037,881.48,The interviewers laugh.,,Interviewer,yes,,,indoor,Sitwell housing,Aftermath: Michael
22089,883.5600000000002,The interviewer laughs. Michael inclines his head.,,Michael,yes,,,indoor,Sitwell housing,Aftermath: Michael
22132,885.2800000000002,"Buster sits in a meeting in a board room, in a large chair below a picture of George Senior holding a chocolate covered banana. The narrator says Buster was not prepared for his new role.",,"Buster, George Senior",yes,And Buster was discovering his academic pursuits didn’t fully prepare him for his new responsibilities.,Narrator,indoor,Sitwell housing,Aftermath: Buster
22257,890.2800000000002,An asian woman wearing a purple suit asks Buster a complicated business question.,The conversation is far above Buster's head.,Executive,yes,Did you get the latest figures on the,Executive,indoor,Board room,Aftermath: Buster
22291,891.6400000000001,The female executive discusses complex business topics. Buster nods and drops his pencil.,Buster is lost and in over his head.,"Buster, executives",yes,"Sudden Valley expansion, vis-a-vis the development",Executive,indoor,Board room,Aftermath: Buster
22353,894.12,Buster sits in his chair and listens absently.,Bust is lost and in over his head.,"Buster, executives",yes,versus the tax that it will,Executive,indoor,Board room,Aftermath: Buster
22384,895.36,Buster comments that all the executives are so smart.,Buster is lost and in over his head.,Buster,yes,You guys are so smart,Buster,indoor,Board room,Aftermath: Buster
22410,896.4000000000002,"Buster falls out of his chair, crying. The female executive rattles off complex business jargon.",Buster is lost and in over his head.,Buster,yes,"two percent per annum, but this is a non-recoupable",Executive,indoor,Board room,Aftermath: Buster
22481,899.24,Lucille nods and says the family and business need Michael back. one hour later... is written on the screen.,,Lucille.,no,We need Michael.,Lucille,indoor,Board room,Aftermath: Buster
22531,901.24,GOB looks at the drink in his hand and complains there is no ice.,,GOB,no,We need ice.,GOB,indoor,Board room,Aftermath: Buster
22554,902.16,"A nurse raises Buster up on a gurney. Through his breathing mask, he agrees with Lucille that they need Michael.",Buster had a panic attack and passed out during the board meeting.,"Buster, GOB",no,Michael. We need Michael.,Buster,indoor,Board room,Aftermath: Buster
22628,905.12,"Michael, Buster, Tobias, Lucille, Lindsay, and GOB sit in the hotel room. The narrator says they staged in intervention for Michael.",The Bluths realized they need Michael to help run the company.,"Michael, Buster, Tobias, Lucille, Lindsay, GOB",no,"And so, the family staged an intervention. ""I'm sorry,""","Narrator, Michael",indoor,Lucille's hotel room,The Intervention
22709,908.36,Michael asks the rest of his family why he is there.,,Michael,no,What exactly is this intervention for?,Michael,indoor,Lucille's hotel room,The Intervention
22791,911.64,GOB and Lindsay sit silently. GOB looks at Buster.,,"GOB, Lindsay",no,,,indoor,Lucille's hotel room,The Intervention
22820,912.8,Buster and Tobias sit silently.,,"Buster, Tobias",no,,,indoor,Lucille's hotel room,The Intervention
22856,914.24,"Lucille, holding a drink, tells Michael that they need his help running the family company.",,"Lucille, GOB, Lindsay",no,We need you to come back and run the business.,Lucille,indoor,Lucille's hotel room,The Intervention
22922,916.88,Michael calls the meeting more of an imposition than an intervention.,Michael is not interested in helping save the family business.,Michael,no,"Okay. Well then, so technically it’s not really an intervention, it’s a little bit more of an imposition",Michael,indoor,Lucille's hotel room,The Intervention
23009,920.36,Michael continues. Lindsay rolls her eyes. GOB nods in agreement.,,"GOB, Lindsay, Lucille",no,if you think about it.,Michael,indoor,Lucille's hotel room,The Intervention
23036,921.44,Lindsay waves her hand and brushes off Michael's comment.,,"Lindsay, GOB, Lucille",no,"Oh, whatever you want to call it.",Lindsay,indoor,Lucille's hotel room,The Intervention
23067,922.68,Michael retorts and calls the meeting an imposition again.,,Michael,no,I'd love to call it an imposition.,Michael,indoor,Lucille's hotel room,The Intervention
23107,924.28,"GOB cuts in and tells Michael the family is in trouble. Additionally, he keeps getting blackballed from magician performances.",,"GOB, Lindsay, Lucille",no,"We’re in trouble here, Michael. And I can’t perform my magic. I’m getting blackballed from even the smaller venues.",GOB,indoor,Lucille's hotel room,The Intervention
23259,930.36,"A man stands in a child's room and tells GOB he would feel more comfortable with someone approved by the Alliance of Magicians. His wife stands in the background, behind birthday balloons. Children run down the hall.",GOB cannot even get a job at a child's birthday party.,Birthday Party Man,no,I'll be honest. I’m just more comfortable with an Alliance-approved magician.,Birthday Party Man,indoor,Child's birthday party,The Intervention
23357,934.28,"GOB, sitting on the ground at the birthday party, groans. He pauses.",GOB is disappointed.,GOB,no,,,indoor,Child's birthday party,The Intervention
23432,937.28,GOB wishes the other magician candidate luck with his show.,,GOB,no,"Give them a hell of a show, champ!",GOB,indoor,Child's birthday party,The Intervention
23478,939.12,A teenage magician sits next to GOB at the birthday party. The teen looks at GOB and calls him a traitor.,GOB has lost all respect from the magician community.,"GOB, Teen Magician",no,"Fuck off, traitor.",Teen Magician,indoor,Child's birthday party,The Intervention
23603,944.12,"While Michael and his family argue, Maeby and George-Michael sit at a table nearby. Maeby complains that the family is still fighting.",Maeby is surprised and frustrated.,"Maeby, Michael, GOB",no,Can you believe this? They're still fighting.,Maeby,indoor,Lucille's hotel room,The Intervention
23645,945.8,"George-Michael and Maeby are playing Uno. George-Michael agrees, pauses, and suggests they kiss again.",George-Michael sheepishly wants to kiss Maeby again. He has a crush on her.,"Maeby, Michael, George-Michael",no,I'm tempted to kiss again,George-Michael,indoor,Lucille's hotel room,The Intervention
23747,949.88,George-Michael suggests he and Maeby kiss again to teach their parents a lesson.,George-Michael sheepishly wants to kiss Maeby again. He has a crush on her.,George-Michael,no,so we could teach them a lesson.,George-Michael,indoor,Lucille's hotel room,The Intervention
23780,951.2,Maeby questions why her and George-Michael kissing again would teach their parents a lesson.,"Maeby does not want to kiss again, and is confused and skeptical.","Maeby, George-Michael",no,Why would that teach them a lesson?,Maeby,indoor,Lucille's hotel room,The Intervention
23825,953.0,George-Michael quickly backpedals.,,"Maeby, George-Michael",no,No I mean,George-Michael,indoor,Lucille's hotel room,The Intervention
23835,953.4,George-Michael quickly rephrases the reason he and Maeby should kiss.,George-Michael is awkward.,"George-Michael, Maeby",no,"uh, to freak them out.",George-Michael,indoor,Lucille's hotel room,The Intervention
23913,956.52,Maeby argues that kissing to freak their parents out does not make sense.,Maeby is skeptical.,Maeby,no,"Yeah, but that doesn't make any sense.",Maeby,indoor,Lucille's hotel room,The Intervention
23951,958.04,George-Michael stammers that freaking them out makes the joke funny.,George-Michael is sheepish and awkward. He wants to kiss Maeby.,"George-Michael, Maeby",no,Isn't that what makes it funny?,George-Michael,indoor,Lucille's hotel room,The Intervention
23986,959.44,George-Michael laughs. Maeby stares at him.,George-Michael is awkward and wants to kiss Maeby. Maeby thinks George-Michael is weird.,"Maeby, George-Michael",no,I'm laughing.,George-Michael,indoor,Lucille's hotel room,The Intervention
24023,960.92,George-Michael changes the subject back to their game of Uno and accidentally tells Maeby to go fish.,George-Michael is awkward and wants to kiss Maeby again.,"George-Michael, Maeby",no,"Go fish, uno.",George-Michael,indoor,Lucille's hotel room,The Intervention
24067,962.68,George-Michael reaches for his drink and takes a sip.,George-Michael is awkward.,"George-Michael, Maeby, Michael",no,,,indoor,Lucille's hotel room,The Intervention
24097,963.88,George-Michael drinks. Michael tells the rest of his family he is not coming back to the company.,,"George-Michael, Maeby, Michael",no,"Well, I'm sorry, it's just, it's too late.",Michael,indoor,Lucille's hotel room,The Intervention
24139,965.56,Michael tells his family that he got a new job and is moving to Phoenix.,,Michael,no,"I'm moving to Phoenix, I got a job.",Michael,indoor,Lucille's hotel room,The Intervention
24198,967.92,"GOB, Lindsay, and Lucille stare blankly at Michael.",,"GOB, Lindsay, Lucille, George-Michael, Maeby",no,,,indoor,Lucille's hotel room,The Intervention
24282,971.28,Michael starts to explain to his family how a job works.,None of the Bluths have ever had a real job.,"Michael, Lindsay",no,"Something you apply for, and then they pay you to, uh",Michael,indoor,Lucille's hotel room,The Intervention
24369,974.76,Michael cuts himself off.,Michael jokes that his family will have to get their own jobs and find out how they work.,"Michael, Lindsay",no,"Never mind, I don't want to ruin the surprise.",Michael,indoor,Lucille's hotel room,The Intervention
24413,976.52,"Michael says goodbye to his family, stands to leave, and says he will see them when someone dies.",Michael is not interested in interacting with his family anymore.,"Michael, Lindsay",no,"So no hard feelings? Adios, Sayonara. I’ll see you when the first parent dies.",Michael,indoor,Lucille's hotel room,The Intervention
24521,980.84,Michael begins to walk away. Lucille starts talking.,,"Michael, Lindsay, GOB",no,Well I'd,Lucille,indoor,Lucille's hotel room,The Intervention
24532,981.28,"Lucille says she would never want to live in Arizona, where Michael's new job is.",Lucille is making fun of Michael's new job and trying to make it sound unappealing.,"Lucille, Lindsay",no,rather be dead in California than alive in Arizona.,Lucille,indoor,Lucille's hotel room,The Intervention
24598,983.92,GOB and Tobias laugh at Lucille's joke. Lindsay looks at GOB. GOB reaches for his drink.,Lindsay is angry.,"GOB, Lindsay, Lucille, Tobias",no,Touché,Tobias,indoor,Lucille's hotel room,The Intervention
24648,985.92,Michael tells George-Michael to get his coat.,Michael is ready to leave.,Michael,no,"George-Michael, grab the coat.",Michael,indoor,Lucille's hotel room,The Intervention
24681,987.24,Lindsay starts to speak.,,Michael,no,I think Dad,Lindsay,indoor,Lucille's hotel room,The Intervention
24694,987.76,Lindsay says that George Senior would want Michael to help the family.,Lindsay is trying to guilt Michael into staying.,"Lindsay, GOB, Lucille",no,"would really want you to help us out here, Michael.",Lindsay,indoor,Lucille's hotel room,The Intervention
24750,990.0,Michael reminds his family that George Senior is in prison. He urges George-Michael to leave.,Michael is not interested in staying and helping the family.,Michael,no,Dad's in jail. Here we go.,Michael,indoor,Lucille's hotel room,The Intervention
24776,991.04,Lindsay yells at Michael that he should say goodbye to George Senior.,Lindsay is trying to guilt Michael.,"Lindsay, GOB, Lucille, Buster, Tobias",no,"Well, the least you could do is say goodbye to him.",Lindsay,indoor,Lucille's hotel room,The Intervention
24842,993.68,Michael pauses and looks up. The narrator starts speaking.,Michael decides to go say goodbye to his father.,Michael,yes,"In fact,",Narrator,indoor,Lucille's hotel room,The Intervention
24904,996.16,"The outside of a prison, with a fence topped with loops of barbed wire. The narrator says Michael had not seen George-Michael since he was arrested at the family boat party.",,,yes,Michael had not spoken to his father since the arrest,Narrator,outdoor,Prison exterior,Visiting Dad in Prison
24981,999.24,"Michael sits down across from his father in a cell. George Senior, wearing an orange jumpsuit, glares at a guard, then looks at Michael.",,"George Senior, Michael",yes,and he decided to give his father the courtesy of a formal resignation.,Narrator,indoor,Prison cell,Visiting Dad in Prison
25054,1002.16,Michael looks at his father and simply says he quits.,,"Michael, George Senior",yes,I quit.,Michael,indoor,Prison cell,Visiting Dad in Prison
25095,1003.8,George Senior nods and says Michael quitting was a good move for his career.,George Senior is not surprised or upset Michael quit.,"George Senior, Michael",yes,Probably a good career move.,George Senior,indoor,Prison cell,Visiting Dad in Prison
25173,1006.92,"Michael starts to stand up to leave, then turns back to his George Senior. In the background, a lawyer meets with an inmate.",Michael decides he has more to say to his father,"Michael, George Senior",no,,,indoor,Prison cell,Visiting Dad in Prison
25244,1009.76,Michael says he parked in the same parking spot every day.,Michael lists ways he was a good employee and deserved to be made C.E.O.,"Michael, George Senior",no,"You know, I parked in the same spot for the last five years,",Michael,indoor,Prison cell,Visiting Dad in Prison
25321,1012.84,Michael says he came to work on time every day.,Michael lists ways he was a good employee and deserved to be made C.E.O.,"Michael, George Senior",no,I was there on time every,Michael,indoor,Prison cell,Visiting Dad in Prison
25364,1014.56,George Senior smiles at Michael.,Michael lists ways he was a good employee and deserved to be made C.E.O.,"George Senior, Michael",no,single day,Michael,indoor,Prison cell,Visiting Dad in Prison
25379,1015.16,George Senior cuts Michael off.,Michael lists ways he was a good employee and deserved to be made C.E.O.,"George Senior, Michael",no,Mike,George Senior,indoor,Prison cell,Visiting Dad in Prison
25392,1015.68,Michael says he was a loyal and worked hard at his father's company.,Michael lists ways he was a good employee and deserved to be made C.E.O.,"George Senior, Michael",no,"I was so loyal, I worked so hard. Why didn't",Michael,indoor,Prison cell,Visiting Dad in Prison
25441,1017.64,Michael asks why his father did not make him C.E.O.,Michael is still upset he was not made C.E.O of the family company.,"Michael, George Senior",no,you just put me in charge?,Michael,indoor,Prison cell,Visiting Dad in Prison
25468,1018.72,George Senior cuts Michael off to answer his question. Michael calms down and looks at him.,,"Michael, George Senior",no,"Michael, listen to me.",George Senior,indoor,Prison cell,Visiting Dad in Prison
25501,1020.04,"George Senior says he knew the Securities and Exchange Commission was going to arrest him and if Michael were C.E.O., he would end up in jail as well.",George Senior did not make Michael C.E.O. to save him.,"George Senior, Michael",no,"These guys, the SEC, they’ve been after me for years. I put you in charge, you’re going to be wearing one of these orange",George Senior,indoor,Prison cell,Visiting Dad in Prison
25609,1024.359999999,Michael says he could have helped if his father had told him about the situation. George Senior cuts him off and says he would have been an accomplice to the fraud.,George Senior did not make Michael C.E.O. to save him.,"Michael, George Senior",no,"jumpsuits, too. ""I could've helped you if you told me."" ""You'd be an accomplice!""","George Senior, Michael",indoor,Prison cell,Visiting Dad in Prison
25678,1027.119999999,George Senior stares at Michael and tells him firmly he had to make Lucille C.E.O.,George Senior did not make Michael C.E.O. to save him.,George Senior,no,No. It had to be your mom.,George Senior,indoor,Prison cell,Visiting Dad in Prison
25758,1030.3199999990002,George Senior beckons Michael to lean in close.,,"George Senior, Michael",no,,,indoor,Prison cell,Visiting Dad in Prison
25852,1034.0799999990002,George Senior whispers to Michael that a married couple cannot be arrested for the same crime.,,"George Senior, Michael",no,They cannot arrest a husband and wife for the same crime.,George Senior,indoor,Prison cell,Visiting Dad in Prison
25992,1039.68,George Senior winks at Michael and drinks from his cup.,George Senior thinks he was being smart.,George Senior,no,,,indoor,Prison cell,Visiting Dad in Prison
26058,1042.3199999990002,Michael tells his father that what he said is not true.,,"Michael, George Senior",no,"Yeah, I don’t think that that’s true, Dad.",Michael,indoor,Prison cell,Visiting Dad in Prison
26142,1045.68,George Senior asks Michael if he is serious.,George Senior is worried.,"George Senior, Michael",no,Really?,George Senior,indoor,Prison cell,Visiting Dad in Prison
26170,1046.8,Michael nods silently at his father.,,"Michael, George Senior",no,,,indoor,Prison cell,Visiting Dad in Prison
26206,1048.24,"George Senior takes off his glasses, puts them on the table, buries his face in his hands, and says he has terrible lawyers.",George Senior's lawyers told him Lucille could not be arrested for fraud if he was. George Senior is upset.,George Senior,no,I've got the worst fucking attorneys.,George Senior,indoor,Prison cell,Visiting Dad in Prison
26328,1053.119999999,Michael stares at his father.,,"Michael, George Senior",no,,,indoor,Prison cell,Visiting Dad in Prison
26362,1054.48,A cab pulls up to the model home Michael and George Michael lived in. Lindsay is in the back seat. The narrator speaks.,,Lindsay,yes,"With Michael leaving town,",Narrator,outdoor,Model home exterior,Saying Goodbye in the Attic
26403,1056.119999999,Lindsay gets out of the cab and runs toward the door of the model home. She throws money at the cab driver. The narrator says she came to take inventory of what is left.,Lindsay came to steal what she could from the model home.,Lindsay,yes,Lindsay decided to take inventory of the family’s last remaining asset: their model home.,Narrator,outdoor,Model home exterior,Saying Goodbye in the Attic
26526,1061.04,Lindsay looks around the unfinished attic and finds a candle holder.,,Lindsay,yes,,,indoor,Unfinished attic,Saying Goodbye in the Attic
26560,1062.4,Lindsay picks up the candle holder form a table and sees George-Michael in the attic. She gasps and asks him what he is doing.,Lindsay gets caught stealing form the model home and is surprised.,Lindsay,yes,What're you doing?,Lindsay,indoor,Unfinished attic,Saying Goodbye in the Attic
26629,1065.16,George-Michael kneels in front of boxes of possessions. He says he is packing his things and asks what Lindsay is doing.,George-Michael is accusatory.,George-Michael,no,"I'm packing up, what're you doing?",George-Michael,indoor,Unfinished attic,Saying Goodbye in the Attic
26666,1066.64,"Lindsay starts to say what she is doing, looks down at the candle holder, pauses, and covers herself by saying she was looking for George-Michael.",Lindsay gets caught stealing from the model home.,Lindsay,no,"Well, just looking for... you!",Lindsay,indoor,Unfinished attic,Saying Goodbye in the Attic
26747,1069.88,"George-Michael, holding a framed photo, looks at Lindsay and does not answer.",George-Michael knows Lindsay is lying.,George-Michael,no,,,indoor,Unfinished attic,Saying Goodbye in the Attic
26777,1071.0799999990002,Lindsay tells George-Michael she came to say goodbye.,Lindsay is trying to cover getting caught stealing.,Lindsay,no,To say goodbye to you!,Lindsay,indoor,Unfinished attic,Saying Goodbye in the Attic
26826,1073.04,George-Michael puts the framed photo in a bag and tells Lindsay that he is going to miss her and her family.,,George-Michael,no,Gonna miss you guys.,George-Michael,indoor,Unfinished attic,Saying Goodbye in the Attic
26854,1074.16,George-Michael stands and walks toward Lindsay. Lindsay walks toward George-Michael and starts to say that she and her family will come visit him. She trails off and says she will miss him too.,Lindsay tries to be comforting but knows they will not visit or see each other.,"Lindsay, George-Michael",no,"Oh, well, we’ll come out and see you in... Yeah, we’ll miss you, too.",Lindsay,indoor,Unfinished attic,Saying Goodbye in the Attic
27018,1080.72,George-Michael tells Lindsay that he enjoyed seeing the family.,George-Michael is sad he will not see his family anymore.,"George-Michael, Lindsay",no,It's been nice having you guys around.,George-Michael,indoor,Unfinished attic,Saying Goodbye in the Attic
27064,1082.5600000000004,George-Michael says he enjoyed talking to his family.,George-Michael is sad he will not get to see his family anymore.,Lindsay,no,"You know, to talk to.",George-Michael,indoor,Unfinished attic,Saying Goodbye in the Attic
27121,1084.8399999990002,George-Michael says that he has been lonely since his mother died. Michael walks into the attic as he's speaking and hears him.,George-Michael is sad he will not get to see his family anymore and is lonely. He lives with just his father because his mother died.,"Michael, Lindsay",no,"Since Mom died, it’s been kind of lonely, and",George-Michael,indoor,Unfinished attic,Saying Goodbye in the Attic
27204,1088.16,"George-Michael sees his father and adds that he wishes everyone could stay there, together.",George-Michael wants the family to stay together.,"George-Michael, Lindsay",no,I just wish we could all stay here.,George-Michael,indoor,Unfinished attic,Saying Goodbye in the Attic
27286,1091.44,"Michael looks down, contemplatively.","Michael wants his son to be happy because he loves him, and feels bad for separating him from the family and making him leave.","Michael, Lindsay",no,,,indoor,Unfinished attic,Saying Goodbye in the Attic
27332,1093.28,Michael asks George-Michael for help loading their bags into their car.,,"Michael, Lindsay",no,"I... I need a hand with the van, please.",Michael,indoor,Unfinished attic,Saying Goodbye in the Attic
27389,1095.5600000000004,George-Michael responds.,,"Michael, Lindsay",no,Okay.,George-Michael,indoor,Unfinished attic,Saying Goodbye in the Attic
27399,1095.96,Michael apologizes for breaking up the conversation.,,"Michael, Lindsay",no,Sorry,Michael,indoor,Unfinished attic,Saying Goodbye in the Attic
27420,1096.8000000000004,George-Michael pauses for a moment and looks at Lindsay.,George-Michael will miss his family and is sad to leave.,"George-Michael, Lindsay",no,,,indoor,Unfinished attic,Saying Goodbye in the Attic
27474,1098.96,Lindsay looks at Michael. George-Michael abruptly hugs her.,George-Michael will miss his family and is sad to leave. Lindsay is surprised.,"George-Michael, Lindsay, Michael",no,,,indoor,Unfinished attic,Saying Goodbye in the Attic
27526,1101.04,George-Michael hugs Lindsay and starts to cry.,George-Michael will miss his family and is sad to leave.,"George-Michael, Lindsay",no,,,indoor,Unfinished attic,Saying Goodbye in the Attic
27600,1104.0,Lindsay smiles and hugs George-Michael back.,Lindsay and George-Michael will miss each other.,"Lindsay, George-Michael",yes,,,indoor,Unfinished attic,Saying Goodbye in the Attic
27644,1105.76,Michael watches George-Michael and Lindsay hug.,Michael is realizing how much his son is going to miss his family and reconsidering separating them.,Michael,yes,,,indoor,Unfinished attic,Saying Goodbye in the Attic
27681,1107.24,Lindsay continues to smile and hug George-Michael.,,"Lindsay, George-Michael",yes,,,indoor,Unfinished attic,Saying Goodbye in the Attic
27728,1109.12,"George-Michael stops hugging Lindsay, looks at her, and walks away.",George-Michael is going to miss his family and is sad to leave.,"George-Michael, Lindsay",yes,,,indoor,Unfinished attic,Saying Goodbye in the Attic
27848,1113.92,Lindsay turns and looks after George-Michael as he leaves.,Lindsay is sad and will miss George-Michael.,Lindsay,yes,,,indoor,Unfinished attic,Saying Goodbye in the Attic
27936,1117.44,Lindsay watches George-Michael leave. Michael speaks.,Lindsay is sad and will miss George-Michael.,Lindsay,yes,"Wow, I guess",Michael,indoor,Unfinished attic,Saying Goodbye in the Attic
27958,1118.3200000000004,Michael and Lindsay sit together on a step downstairs in the model home. Michael says George-Michael misses his family.,Michael realizes his son is sad to be leaving.,"Michael, Lindsay",yes,he really misses his family.,Michael,indoor,Model home interior,Michael and Lindsay Bond
27988,1119.52,Lindsay replies that George-Michael never got to know his relatives.,,"Lindsay, Michael",no,"Well, he doesn’t know us very well.",Lindsay,indoor,Model home interior,Michael and Lindsay Bond
28033,1121.3200000000004,Michael agrees with Lindsay. Lindsay looks at Michael and smiles.,"Michael is being sarcastic. He implies that if George-Michael knew them better, he would not like them as much.","Michael, Lindsay",no,"Yeah, clearly.",Michael,indoor,Model home interior,Michael and Lindsay Bond
28085,1123.4,Lindsay smiles at Michael. He asks her a question.,,Lindsay,no,Let me ask you a question,Michael,indoor,Model home interior,Michael and Lindsay Bond
28136,1125.44,Michael asks why Lindsay never contact him for so long.,Michael is upset.,Michael,no,Where the hell have you been? Why didn’t you call me?,Michael,indoor,Model home interior,Michael and Lindsay Bond
28181,1127.24,Lindsay starts to explain why she did not call.,Lindsay is disappointed with her life.,"Lindsay, Michael",no,"Look at my life, Michael",Lindsay,indoor,Model home interior,Michael and Lindsay Bond
28219,1128.76,Lindsay explains how her life has not been going well.,Lindsay is disappointed in her life.,"Lindsay, Michael",no,"Tobias is out of work, we're in debt, it's...",Lindsay,indoor,Model home interior,Michael and Lindsay Bond
28344,1133.76,"Lindsay, pauses and makes a strange face.",Lindsay tries to make herself cry.,"Lindsay, Michael",no,,,indoor,Model home interior,Michael and Lindsay Bond
28465,1138.6,"Michael asks Lindsay why she is making a strange face, then asks if she is trying to cry.",Michael is confused and surprised.,"Michael, Lindsay",no,What are you doing? Are you trying to cry?,Michael,indoor,Model home interior,Michael and Lindsay Bond
28538,1141.52,Lindsay says she is sad.,Lindsay is stressed.,"Lindsay, Michael",no,I'm sad.,Lindsay,indoor,Model home interior,Michael and Lindsay Bond
28563,1142.52,Michael raises his eyebrows. Lindsay says her life is hard at the moment.,Michael is surprised.,Michael,no,Life is hard right now.,Lindsay,indoor,Model home interior,Michael and Lindsay Bond
28611,1144.44,Lindsay says the JDL is after her.,Lindsay is stressed.,Lindsay,no,I've got the JDL on my ass.,Lindsay,indoor,Model home interior,Michael and Lindsay Bond
28657,1146.28,Michael asks what the JDL is.,Michael is confused.,"Michael, Lindsay",no,JDL?,Michael,indoor,Model home interior,Michael and Lindsay Bond
28695,1147.8000000000004,Lindsay clarifies that the JDL is the Jewish Defense League.,Lindsay is stressed.,"Lindsay, Michael",no,Jewish Defense League.,Lindsay,indoor,Model home interior,Michael and Lindsay Bond
28748,1149.92,"Michael berates Lindsay for stirring up trouble with her charity, HOOP.",,"Michael, Lindsay",no,"Oh, the circumcision thing? This is why I was against HOOP. Why didn't you just",Michael,indoor,Model home interior,Michael and Lindsay Bond
28843,1153.72,"Michael berates Lindsay for stirring up trouble with her charity, HOOP. Lindsay talks over him.",Michael and Lindsay are both frustrated.,"Michael, Lindsay",no,"mind your own business, Lindsay? ""See, this is why I""","Michael, Lindsay",indoor,Model home interior,Michael and Lindsay Bond
28889,1155.5600000000004,Lindsay tells Michael why she never called him for so long.,Lindsay is frustrated with Michael.,"Lindsay, Michael",no,"didn't call you, Michael",Lindsay,indoor,Model home interior,Michael and Lindsay Bond
28914,1156.5600000000004,Lindsay says she did not call Michael for so long because he is judgmental.,Lindsay is frustrated with Michael.,Lindsay,no,because you're so judgmental!,Lindsay,indoor,Model home interior,Michael and Lindsay Bond
28950,1158.0,Michael argues and says he does not judge people.,,"Michael, Lindsay",no,"No I'm, I'm not judgmental.",Michael,indoor,Model home interior,Michael and Lindsay Bond
28994,1159.76,Lindsay says that she knows she disappoints Michael.,Lindsay is upset.,Lindsay,no,And you’re disappointed in me.,Lindsay,indoor,Model home interior,Michael and Lindsay Bond
29032,1161.28,Michael replies that he is not disappointed in Lindsay.,"Michael is surprised that Lindsay thinks that, and is lying.","Michael, Lindsay",no,I'm not disappointed,Michael,indoor,Model home interior,Michael and Lindsay Bond
29059,1162.36,Lindsay cuts Michael off and argues.,,Lindsay,no,"in you! ""You are.""","Michael, Lindsay",indoor,Model home interior,Michael and Lindsay Bond
29081,1163.24,Michael admits he is disappointed in Lindsay.,,Michael,no,So I'm disappointed,Michael,indoor,Model home interior,Michael and Lindsay Bond
29133,1165.3200000000004,Lindsay rolls her eyes. Michael says his life is disappointing too.,Lindsay is annoyed.,Lindsay,no,"in you, but come on, what is not disappointing about my life? I mean,""",Michael,indoor,Model home interior,Michael and Lindsay Bond
29202,1168.0800000000004,Michael reminds Lindsay that George Senior did not make him C.E.O. and his father is now in prison.,Michael is trying to be nice to Lindsay and relate.,Michael,no,Dad didn’t give me the promotion. Dad’s in jail. How disappointing is that?,Michael,indoor,Model home interior,Michael and Lindsay Bond
29291,1171.64,Lindsay says that the whole Bluth family is disappointing.,"Lindsay is half joking, half serious.",Lindsay,no,So we're a disappointing family.,Lindsay,indoor,Model home interior,Michael and Lindsay Bond
29324,1172.96,Michael agrees that the whole Bluth family is disappointing.,Michael and Lindsay are starting to get along.,Michael,no,We're an incredibly disappointing family!,Michael,indoor,Model home interior,Michael and Lindsay Bond
29367,1174.68,Lindsay smiles and looks at Michael.,Michael and Lindsay are starting to get along.,Lindsay,no,,,indoor,Model home interior,Michael and Lindsay Bond
29406,1176.24,Michael reminds Lindsay that they are family.,Michael and Lindsay are starting to get along.,Michael,no,But we are a family.,Michael,indoor,Model home interior,Michael and Lindsay Bond
29427,1177.0800000000004,"Michael pauses and says he wants George-Michael to be happy, and suggests that he and Lindsay stay present in each other's lives.","Michael and Lindsay are starting to get along. Michael loves his son and wants his son to be happy, and has decided the family should stay together.",Michael,no,"and I want my son to be happy, so maybe we should be in each other’s lives.",Michael,indoor,Model home interior,Michael and Lindsay Bond
29613,1184.52,Lindsay smiles and says she would like to stay present in each other's lives.,Lindsay and Michael are starting to get along. Lindsay is happy.,Lindsay,no,I'd like that.,Lindsay,indoor,Model home interior,Michael and Lindsay Bond
29663,1186.52,Michael asks Lindsay a question.,Michael and Lindsay are starting to get along. Michael is happy.,Michael,no,Yeah?,Michael,indoor,Model home interior,Michael and Lindsay Bond
29695,1187.8000000000004,Lindsay makes a weird face again and sniffles.,Lindsay tries to make herself cry again.,Lindsay,no,,,indoor,Model home interior,Michael and Lindsay Bond
29774,1190.96,Michael tells Lindsay she is going to hurt herself.,Michael knows Lucy is trying to make herself cry.,"Michael, Lindsay",no,"Seriously, you're going to pull a muscle.",Michael,indoor,Model home interior,Michael and Lindsay Bond
29820,1192.8000000000004,Lindsay groans and says she used to be able to make herself fake cry.,Lindsay is frustrated.,"Lindsay, Michael",no,I used to be able to do this.,Lindsay,indoor,Model home interior,Michael and Lindsay Bond
29856,1194.24,Michael smiles at Lindsay. The narrator starts speaking.,Michael is happy.,Michael,no,"So, Michael",Narrator,indoor,Model home interior,Michael and Lindsay Bond
29881,1195.24,Lindsay looks at Michael and smiles. The narrator says Michael chose to stay with his family.,Lindsay is happy.,Lindsay,yes,decided to stay in California,Narrator,indoor,Model home interior,Michael and Lindsay Bond
29919,1196.76,Michael smiles at Lindsay. The narrator says Michael decided to try to save the family company.,Michael is happy.,Michael,yes,and try to save the family business.,Narrator,indoor,Model home interior,Michael and Lindsay Bond
29958,1198.3200000000004,"All of the Bluths sit together on couches around a table in the model home, playing Monopoly, talking, and laughing.",The Bluth family is getting along and happy.,"GOB, Maeby, Tobias, Lindsay, Buster, George-Michael, Michael",yes,and for the first time,Narrator,indoor,Model home interior,The Family is Together
29997,1199.88,Maeby picks up a card and smiles.,,Maeby,yes,"ever, he gathered his family",Narrator,indoor,Model home interior,The Family is Together
30033,1201.3200000000004,Someone rolls dice on a Monopoly board.,,,yes,together in the model home,Narrator,indoor,Model home interior,The Family is Together
30063,1202.52,Michael rolls dice and says George Senior used to always be the banker when they played Monopoly.,The Bluth family is getting along and happy.,"Michael, Lindsay, Buster, George-Michael",yes,Dad was always banker so there was no beating,Michael,indoor,Model home interior,The Family is Together
30108,1204.3200000000004,Lindsay lays on a sofa and agrees with Michael. Everyone laughs.,The Bluth family is getting along and happy.,"Lindsay, Buster",yes,"him. ""Totally.""","Michael, Lindsay",indoor,Model home interior,The Family is Together
30133,1205.3200000000004,George-Michael jokes that George Senior needs a get out of jail free card.,,George-Michael,yes,he should've been stocking up on those get out of jail free,George-Michael,indoor,Model home interior,The Family is Together
30182,1207.28,Everyone laughs at George-Michael's joke.,The Bluth family is getting along and happy.,"Maeby, Tobias, Lindsay, Buster, George-Michael, Michael, GOB",yes,"cards. ""Woah!""","George-Michael, GOB",indoor,Model home interior,The Family is Together
30214,1208.5600000000004,GOB stands up and high-fives George-Michael.,The Bluth family is getting along and happy.,"GOB, Tobias, Lindsay, Buster, George-Michael",yes,"Good one, George-Michael!",GOB,indoor,Model home interior,The Family is Together
30246,1209.84,GOB and George-Michael high-five. Everyone laughs and likes his joke. Buster tries to rub George-Michael's shoulders.,The Bluth family is getting along and happy.,"George-Michael, Buster, Michael",yes,"Yes! ""Very good."" ""That's you.""","Buster, Michael, Tobias",indoor,Model home interior,The Family is Together
30321,1212.84,GOB and Maeby smile at George-Michael.,The Bluth family is getting along and happy.,"GOB, Maeby",yes,,,indoor,Model home interior,The Family is Together
30362,1214.48,George-Michael says he is sad everyone has to leave.,George-Michael is enjoying being with his family.,"George-Michael, Michael, Buster",yes,I wish you guys didn't have to go so soon.,George-Michael,indoor,Model home interior,The Family is Together
30416,1216.64,Michael starts to tell George-Michael they are not leaving.,,"Tobias, Lindsay, Buster",yes,"Oh, on that subject,",Michael,indoor,Model home interior,The Family is Together
30463,1218.52,"Michael tells George-Michael that the family, specifically Lindsay, will be staying with them.""",,"Michael, George-Michael",yes,these guys are actually going to be staying with us. For a while. Just your,Michael,indoor,Model home interior,The Family is Together
30546,1221.84,Lindsay looks at Michael and George-Michael and smiles.,Lindsay is happy the family will be together.,"Lindsay, Buster, Tobias",yes,aunt.,Michael,indoor,Model home interior,The Family is Together
30564,1222.5600000000004,"Michael adds that Tobias will also be staying with them, but GOB will not. George-Michael grins.",Michael jokes that GOB is not invited to live with them. George-Michael is happy.,"Michael, George-Michael",yes,And her husband. Not,Michael,indoor,Model home interior,The Family is Together
30600,1224.0,GOB raises his glass at Michael. Maeby smiles.,,"GOB, Maeby",yes,GOB.,Michael,indoor,Model home interior,The Family is Together
30620,1224.8000000000004,George-Michael asks his father if he is serious.,George-Michael is happy and excited to have his family around.,"George-Michael, Michael",yes,Really?,George-Michael,indoor,Model home interior,The Family is Together
30636,1225.44,Michael confirms they are staying. George-Michael looks around at the family.,George-Michael is happy and excited to have his family around.,"Michael, George-Michael",yes,Yeah.,Michael,indoor,Model home interior,The Family is Together
30650,1226.0,Lindsay smiles at George-Michael. Michael reminds him that family comes first.,Lindsay is happy that the family will be together.,"Lindsay, Tobias",yes,"What the hell, huh? Family first",Michael,indoor,Model home interior,The Family is Together
30695,1227.8000000000004,"Michael puts his arm on his son's shoulder and adds that the model home will be crowded, George-Michael and Maeby will have to share a room. George-Michael smiles.",George-Michael is happy.,"Michael, George-Michael, Buster",yes,"right? It is going to be a little crowded though, so I think you’re going to have to share a room with your",Michael,indoor,Model home interior,The Family is Together
30776,1231.04,Maeby picks up a card and sits down.,,"Maeby, Tobias",yes,cousin.,Michael,indoor,Model home interior,The Family is Together
30805,1232.2,George-Michael stares silently. Music starts playing.,George-Michael is excited and scared to share a room with Maeby.,George-Michael,yes,,,indoor,Model home interior,The Family is Together
30899,1235.96,BLANK SCREEN 4,,,yes,,,,,
