Frame,Onset time,Narrative details (external events),Narrative details (internal state),Characters on screen,Music presence,Speech,Character speaking,Indoor/outdoor,Setting,Scene name
0,0.0,"A black screen fades into a woman opening an office filing cabinet. In the background, a man stands behind a glass door. There is a clock on the wall.",,,no,,,indoor,Jail waiting room,County Jail Exposition
100,4.0,"The woman pulls a folder out of the file cabinet. The man in the holding cell stares. Paper Boy recounts his ride in the police car to Earn, complaining that the cop kept talking to him.","Alfred Paper Boy and Earn is not concerned about being arrested, and is calm",,no,"Man, he gon keep talking to me the whole ride too, man. He was like, he was like, 'So, uh, how you doing back there?'",Alfred Paper Boy,indoor,Jail waiting room,County Jail Exposition
229,9.16,"The woman steps aside to reveal Alfred Paper Boy and Earn sitting in chairs against the wall with the clock. Alfred Paper Boy recounts his conversation with the cop to Earn, and Earn laughs.",Alfred Paper Boy and Earn are relaxed and not concerned with being arrested.,"Alfred Paper Boy, Earn",no,"I was like, 'well, I'm going to jail, nigga, not great, right?'",Alfred Paper Boy,indoor,Jail waiting room,County Jail Exposition
298,11.92,Alfred Paper Boy imitates the cop scolding him and telling him to own his actions. Earn laughs.,"Alfred Paper Boy and Earn appear to still be high, and are relaxed","Alfred Paper Boy, Earn",no,"'Well you know you need to, need to own up to what you did.'",Alfred Paper Boy,indoor,Jail waiting room,County Jail Exposition
367,14.68,"Alfred Paper Boy sits in his chair and shrugs in disbelief at the cop telling him to own up to what he did. He says there was no victim and he didn't ""do"" anything.",Alfred Paper Boy and Earn are calm an unconcerned because nobody was killed and there is no evidence of a crime.,"Alfred Paper Boy, Earn",no,"Like what did I do, man? There's no victim, nigga, get the fuck out my face",Alfred Paper Boy,indoor,Jail waiting room,County Jail Exposition
475,19.0,Earn looks at Alfred Paper Boy and tells him that the police offer tried to get him to snitch on Alfred Paper Boy. The man in the holding cell moves and looks around anxiously.,Earn disapproves of the cop's sneaky approach,"Alfred Paper Boy, Earn",no,The cop tried to get me to snitch on you.,Earn,indoor,Jail waiting room,County Jail Exposition
525,21.0,Alfred Paper Boy looks at Earn and ask about the cop.  The prisoner in the holding cell moves and looks around anxiously.,Alfred Paper Boy is mildly surprised.,"Alfred Paper Boy, Earn",no,Word?,Alfred Paper Boy,indoor,Jail waiting room,County Jail Exposition
550,22.0,Earn repeats the cop's words while trying to get him to turn in Alfred Paper Boy,"Earn mocks the police officer, disgusted with his efforts.","Earn, Alfred Paper Boy",no,"Yeah, he was like, 'we both know whose fault this is. What was he thinking?'",Earn,indoor,Jail waiting room,County Jail Exposition
662,26.48,Earn and Alfred Paper Boy laugh at their stories of their arrest.,Earn and Alfred Paper Boy are surprisingly lighthearted.,"Earn, Alfred Paper Boy",no,"It was like, a total trap.",Earn,indoor,Jail waiting room,County Jail Exposition
750,30.000000000000004,Alfred Paper Boy rubs his face and expresses his dislike of the police's methods. The two are still sitting in chairs in the waiting room.,Alfred Paper Boy feels this is an example of how police treat potential criminals who are black.,"Alfred Paper Boy, Earn",no,"Man, you see? You see how the do?",Alfred Paper Boy,indoor,Jail waiting room,County Jail Exposition
800,32.0,Earn looks sideways at Alfred Paper Boy,Earn agrees,"Earn, Alfred Paper Boy",no,,,indoor,Jail waiting room,County Jail Exposition
833,33.32,Two police officers and three men in orange jumpsuits walk past. Earn tells Alfred Paper Boy that he has never been arrested before.,Earn's tone suddenly turns more serious.,"Earn, Alfred Paper Boy, prisoners",no,"I've never been arrested before, man.",Earn,indoor,Jail waiting room,County Jail Exposition
963,38.52,Alfred Paper Boy looks at Earn and sarcastically scoffs. The man in the holding cell shakes his head.,Alfred Paper Boy does not believe Earn has never been arrested.,"Alfred Paper Boy, Earn",no,Yeah.,Earn,indoor,Jail waiting room,County Jail Exposition
1039,41.56,"Earn looks sideways at Alfred Paper Boy, then rubs his eye. Alfred Paper Boy regrets not ditching their marijuana before the cops came","Earn is frustrated Alfred Paper Boy does not believe him, but says nothing.",Earn,no,Should've ditched that weed though.,Alfred Paper Boy,indoor,Jail waiting room,County Jail Exposition
1144,45.76000000000001,Earn says facetiously that there was a lot going on at the time and he forgot.,,"Earn, Alfred Paper Boy",no,Yeah there was a lot going on so I kind of forgot to do that.,Earn,indoor,Jail waiting room,County Jail Exposition
1235,49.40000000000001,"Earn laments the small amount of marijuana he had on him. He asks Alfred Paper Boy how bad it is, since he has been arrested for possession before.",,Earn,no,"It was just, like, half a blunt, like... you've been arrested for weed, it's not that bad, right?",Earn,indoor,Jail waiting room,County Jail Exposition
1321,52.84,"Alfred Paper Boy turns to look at Earn, pauses and tells Earn flippantly that it is certainly worse than not being arrested at all.",,"Alfred Paper Boy, Earn",no,"Well it's not as good as not getting arrested for weed, Earn.",Alfred Paper Boy,indoor,Jail waiting room,County Jail Exposition
1467,58.68000000000001,Earn stares at Alfred Paper Boy. Alfred Paper Boy notices and points out a woman he thinks he knows. Earn turns to look at her.,,Earn,no,"Look, that's Gina Simms, man.",Alfred Paper Boy,indoor,Jail waiting room,County Jail Exposition
1577,63.08000000000001,"A black woman in a tight, red dress and high heels stands on the other side of the room against the wall. Around her, other people sit or stand and wait.",,Gina Simms,no,That's Gina Simms from that T-Pain video.,Alfred Paper Boy,indoor,Jail waiting room,County Jail Exposition
1653,66.12,Alfred Paper Boy leans forward and stares at the woman across the room. Earn slouches with his arms folded.,Earn is disinterested,"Alfred Paper Boy, Earn",no,"Ooh, shorty is bad, damn. I wonder what she's doing in here.",Alfred Paper Boy,indoor,Jail waiting room,County Jail Exposition
1755,70.2,Earn says he doesn't think the woman is Gina Simms,Earn is skeptical,"Alfred Paper Boy, Earn",no,"I don't know, man. I don't think that's her.",Earn,indoor,Jail waiting room,County Jail Exposition
1796,71.84,The woman in the red dress stands with her arms crossed and her eyes downcast.,The woman looks downtrodden and nervous.,Gina Simms,no,"No, no, no, no, no",Alfred Paper Boy,indoor,Jail waiting room,County Jail Exposition
1865,74.60000000000002,Alfred Paper Boy points at the woman and says it is definitely Gina Simms because he would recognize her ass anywhere. He sits back and laughs. Earn shakes his head.,,"Alfred Paper Boy, Earn",no,"That is definitely her, man. I know that ass anywhere, you know?",Alfred Paper Boy,indoor,Jail waiting room,County Jail Exposition
1975,79.0,"Earn begins to disagree with Alfred Paper Boy. Alfred Paper Boy turns his head, and pretends to sneeze while shouting the woman's name.",,"Alfred Paper Boy, Earn",no,"No, man ""Gina!""","Earn, Alfred Paper Boy",indoor,Jail waiting room,County Jail Exposition
2018,80.72,"The woman, who is Gina Simms, is startled and looks around. She sees Alfred Paper Boy and Earn and covers her face with her hand. Alfred Paper Boy and Earn laugh.",Gina is embarrassed that they recognized her.,Gina Simms,no,,,indoor,Jail waiting room,County Jail Exposition
2089,83.56,Alfred Paper Boy and Earn laugh. Alfred Paper Boy says he was right.,,"Alfred Paper Boy, Earn",no,You see? You see?,Alfred Paper Boy,indoor,Jail waiting room,County Jail Exposition
2160,86.4,Earn laughs at Gina trying not to look their direction.,,Earn,no,"See I told ya. ""Yo, she was trying not to look."" ""She got shook, like a in the headlights""","Alfred Paper Boy, Earn",indoor,Jail waiting room,County Jail Exposition
2234,89.36,Alfred Paper Boy and Earn imitate the woman's expression and laugh.,The two men are surprisingly relaxed for having been arrested.,"Alfred Paper Boy, Earn",no,,,indoor,Jail waiting room,County Jail Exposition
2285,91.4,Earn laughs,,Earn,no,,,indoor,Jail waiting room,County Jail Exposition
2321,92.84,Earn and Alfred Paper Boy gradually stop laughing and lean back in their chairs against the wall.,Earn and Alfred Paper Boy become more serious,"Earn, Alfred Paper Boy",no,,,indoor,Jail waiting room,County Jail Exposition
2450,98.0,Earn looks sideways at Alfred Paper Boy and asks if he thinks the man that was shot is dead.,The conversation suddenly became much more serious.,"Alfred Paper Boy, Earn",no,"Do you think he's dead, man?",Earn,indoor,Jail waiting room,County Jail Exposition
2494,99.76,Alfred Paper Boy replies slowly and quietly,Alfred Paper Boy does not want to acknowledge or admit to the shooting while at the prison,"Alfred Paper Boy, Earn",no,I do not know what you're talking about,Alfred Paper Boy,indoor,Jail waiting room,County Jail Exposition
2568,102.72,"Alfred Paper Boy looks up at the ceiling, indicating the security cameras, and continues",Alfred Paper Boy scolds Earn for bringing it up while they're there and could be overheard.,"Alfred Paper Boy, Earn",no,"and now is definitely not the time, man",Alfred Paper Boy,indoor,Jail waiting room,County Jail Exposition
2636,105.44,"The intercom beeps and a voice calls Alfred Paper Boy's name and number, signaling he can leave",,"Alfred Paper Boy, Earn",no,"A. Marks, 278",Intercom,indoor,Jail waiting room,County Jail Exposition
2746,109.84,"Alfred Paper Boy stands up, high-five's Earn and walks away. Earn smiles",,"Alfred Paper Boy, Earn",no,"Alright man, stay up.",Alfred Paper Boy,indoor,Jail waiting room,County Jail Exposition
2938,117.52,"Earn looks around, looks at Alfred Paper Boy's empty chair, and sits silently for a moment.","Earn starts to get bored, realizes he may be there a lot longer, and the seriousness of the situation begins to sink in.",Earn,no,,,indoor,Jail waiting room,County Jail Exposition
3161,126.44,Earn continues to look around and settles in. Music fades in.,,Earn,yes,,,indoor,Jail waiting room,County Jail Exposition
3242,129.68,We see a concrete wall with the word ATLANTA painted on it. Music plays loudly,,,yes,,,indoor,Opening Title wall,Opening Title
3412,136.479999999,The clerk fills out a form and passes it to Alfred Paper Boy under the glass barrier.,,"Clerk, Alfred Paper Boy",no,"Okay, so here's the info with your court date on it.",Clerk,indoor,Clerk's window,Alfred Paper Boy is released
3515,140.60000000000002,"Without looking up, the clerk tells Alfred Paper Boy he has to be in court early or he will not be let in and a warrant for his arrest will be issued. Alfred Paper Boy looks up at her.",,"Alfred Paper Boy, Clerk",no,Be here before nine AM on the twenty-third or they won't let you in and a warrant will be issued.,Clerk,indoor,Clerk's window,Alfred Paper Boy is released
3658,146.32000000000005,Alfred Paper Boy holds up the paper and asks if he can leave.,,"Alfred Paper Boy, Clerk",no,So I'm free to go?,Alfred Paper Boy,indoor,Clerk's window,Alfred Paper Boy is released
3694,147.76000000000005,"Without looking up, the clerk shuffles papers around, tells Alfred his bond has been paid, but he may have to come back after the shooting is investigated",The clerk is disinterested in disengaged,"Clerk, Alfred Paper Boy",no,"Yes sir. They're still investigating the shooting so you might have to come back for that later, but your bond has already been paid for the disorderly conduct charge.",Clerk,indoor,Clerk's window,Alfred Paper Boy is released
3890,155.60000000000005,Alfred Paper Boy asks about Earn,,"Alfred Paper Boy, Clerk",no,"Well hold on, what about my cousin? Earnest? Marks?",Alfred Paper Boy,indoor,Clerk's window,Alfred Paper Boy is released
3942,157.68,"The clerk, without looking up, tells Alfred Paper Boy that Earn has not been processed yet so his bail cannot be posted.",The clerk is disinterested,"Clerk, Alfred Paper Boy",no,"He's not in the system yet. But when he is, then his bail can be posted.",Clerk,indoor,Clerk's window,Alfred Paper Boy is released
4034,161.36,Alfred Paper Boy asks what charge Earn is being held for.,He is exasperated,"Alfred Paper Boy, Clerk",no,Well what's the charge?,Alfred Paper Boy,indoor,Clerk's window,Alfred Paper Boy is released
4079,163.16,The clerk finally looks up at Alfred Paper Boy and repeats his question.,The clerk is surprised and sarcastic,Clerk,no,What's the charge?,Clerk,indoor,Clerk's window,Alfred Paper Boy is released
4157,166.28,"The clerk chides Alfred Paper Boy, telling him it does not work that way and that he has to wait until Earn is processed. She taps stamps a paper.",,Clerk,no,"Nigga, this ain't a movie, you better wait until he's in the system.",Clerk,indoor,Clerk's window,Alfred Paper Boy is released
4254,170.16,Alfred Paper Boy stares sullenly at the clerk and signs the form without breaking eye contact,Alfred Paper Boy is frustrated,"Alfred Paper Boy, Clerk",no,,,indoor,Clerk's window,Alfred Paper Boy is released
4374,174.96,"Alfred Paper Boy locks eyes with the clerk, leans down to the window opening, and whispers that he hates the prison.",Alfred Paper Boy is Frustrated,"Alfred Paper Boy, Clerk",no,I hate this place.,Alfred Paper Boy,indoor,Clerk's window,Alfred Paper Boy is released
4468,178.72,"Alfred Paper Boy passes the form back to the clerk and takes a plastic bag of his belongings. He turns and starts to walk away from the window. From behind him, Darius calls out to him, holding a slurpee and pretending to be a fan.",,"Alfred Paper Boy, Clerk, Darius",no,Is that Paper Boy?,Darius,indoor,Clerk's window,Alfred Paper Boy is released
4507,180.28,Alfred Paper Boy turns around and greets Darius.,Alfred Paper Boy is happy and relieved to see Darius,"Alfred Paper Boy, Darius, Clerk",no,"Oh man, thank God, man. ""What's up, man? What it do?""","Alfred Paper Boy, Darius",indoor,Clerk's window,Alfred Paper Boy is released
4590,183.6,Alfred Paper Boy and Darius walk away from the window. Darius says the shooting was on the news.,,"Alfred Paper Boy, Darius",no,"Yo, you know y'all made the news, right?",Darius,indoor,Clerk's window,Alfred Paper Boy is released
4656,186.24,Alfred Paper Boy stops and asks Darius if it is true,"Alfred Paper Boy is momentarily concerned, then excited.","Alfred Paper Boy, Darius",no,"Damn. Wait, for real?",Alfred Paper Boy,indoor,Jail exit hallway,Pictures with the police officer
4706,188.24,The pair continue walking. Darius says that Paper Boy's song has been playing on the radio all day,Alfred Paper Boy's arrest has actually benefitted his rap career.,"Alfred Paper Boy, Darius",no,"Yeah, yeah, 106.5 The Jam been playing 'Paper Boy' all morning.",Darius,indoor,Jail exit hallway,Pictures with the police officer
4841,193.64,Alfred Paper Boy punches Darius's shoulder. He roots through is plastic bag of belongings and says he wants to go get food.,Alfred Paper Boy is excited.,"Alfred Paper Boy, Darius",no,"Man, that's what's up! ""Right?"" ""I need some food, I ain't eat in there.""","Alfred Paper Boy, Darius",indoor,Jail exit hallway,Pictures with the police officer
4943,197.72,The two walk down the hallway toward the door. Darius warns Alfred Paper Boy that prison food makes people lie and asks where Earn is. Alfred Paper Boy holds up and then pockets a pack of cigars from the plastic bag.,Darius is paranoid,"Alfred Paper Boy, Darius",no,Good. Food in there is genetically modified to make you lie. Where's Earn?,Darius,indoor,Jail exit hallway,Pictures with the police officer
5106,204.24,Alfred Paper Boy and Darius walk toward the door past a metal detector. Alfred begins to explain why Earn cannot leave yet but is interrupted by an excited police officer yelling and running up to him.,,"Alfred Paper Boy, Darius, Officer",no,"Man, not in the system yet. She said I can't bail him out 'cause...  ""Hey!""","Alfred Paper Boy, Black Officer",indoor,Jail exit hallway,Pictures with the police officer
5187,207.48,"An excited, African American police officer runs up behind Alfred Paper Boy and claps him on the shoulder. He asks him if he is ""Paper Man."" Alfred Paper Boy looks at the officer's hand on his shoulder. The officer asks another if he has got the right person.",,"Alfred Paper Boy, Black Officer, Darius",no,"Hey! Hey! You that Paper Man, right? Hey, is he the one?",Black Officer,indoor,Jail exit hallway,Pictures with the police officer
5257,210.28,Alfred Paper Boy lazily corrects the officer. The officer excitedly talks to him and hangs on his shoulder.,Alfred Paper Boy is uncomfortable,"Alfred Paper Boy, Black Officer, Darius",no,"Paper Boy. ""Paper Boy! Yeah, yeah!""","Alfred Paper Boy, Black Officer",indoor,Jail exit hallway,Pictures with the police officer
5336,213.44000000000003,The officer stops Alfred Paper Boy suddenly and asks for a picture.,,"Alfred Paper Boy, Black Officer, Darius",no,"Well hold up, man. I gotta get a picture.","Alfred Paper Boy, Black Officer, Darius",indoor,Jail exit hallway,Pictures with the police officer
5394,215.76,Darius stares at the officer and looks around.,"Darius is uncomfortable too, now","Darius, Alfred Paper Boy",no,,,indoor,Jail exit hallway,Pictures with the police officer
5430,217.2,The black officer hands Darius his cell phone.,,"Alfred Paper Boy, Darius, Black Officer",no,Here you go.,Black Officer,indoor,Jail exit hallway,Pictures with the police officer
5474,218.96,"The officer excitedly tells Alfred he loves rap and came to get a picture when he heard a rapper was in the prison. Alfred Paper Boy stares at the officer, straight-faced.","Alfred Paper Boy is annoyed at the black officer's apparent admiration of him, despite representing the police that arrested and mistreated him.","Alfred Paper Boy, Black Officer",no,"Yeah I love this rap shit, boy. You know, when they told me a rapper was in here, I had to come snap a pic.",Black Officer,indoor,Jail exit hallway,Pictures with the police officer
5569,222.76,"The officer grins, puts his arm around Alfred Paper Boy, and instructs him to lean in. He smiles for the picture. Alfred Paper Boy continues to stare sullenly at the officer.",Alfred Paper Boy is uncomfortable and annoyed by the officer's perkiness.,"Alfred Paper Boy, Black Officer",no,"Man, get on in here.",Black Officer,indoor,Jail exit hallway,Pictures with the police officer
5630,225.2,The officer asks Alfred Paper Boy if he listens to the rapper Gucci Mane. Alfred says flatly that he does. The officer excitedly says that he arrested Gucci Mane.,The black officer paradoxically idolizes rappers and takes pride in arresting them.,"Alfred Paper Boy, Black Officer",no,"Hey, you listen to Gucci Man? ""Yeah."" ""Man, I locked that nigga up!""","Black Officer, Alfred Paper Boy",indoor,Jail exit hallway,Pictures with the police officer
5751,230.04,"Darius stares, then raises the phone to take a picture.",,Darius,no,"Go ahead, go ahead.",Black Officer,indoor,Jail exit hallway,Pictures with the police officer
5808,232.32,The officer poses with his fingers pointing at Alfred Paper Boy like a gun. Alfred Paper Boy stares sullenly at the officer. The camera makes a noise.,,"Alfred Paper Boy, Black Officer",no,,,indoor,Jail exit hallway,Pictures with the police officer
5849,233.96,The officer starts singing excitedly and turns to pose for another picture with his back to Alfred Paper Boy and his arms crossed. Alfred Paper Boy continues to stare at him.,,"Alfred Paper Boy, Black Officer",no,"Yeah! One more for the Insta sluts, one more for the Insta...",Black Officer,indoor,Jail exit hallway,Pictures with the police officer
5947,237.88,The officer cuts himself off and tells Alfred Paper Boy to stand back-to-back with him. Alfred Paper Boy does not move and the officer asks him again.,Alfred Paper Boy is annoyed and somewhat disgusted with the officer.,"Alfred Paper Boy, Black Officer",no,"Back to back. Come on, man, back to back!",Black Officer,indoor,Jail exit hallway,Pictures with the police officer
6020,240.8,Darius takes a second picture with the officer's phone.,,Darius,no,,,indoor,Jail exit hallway,Pictures with the police officer
6052,242.08,The black officer takes his phone back from Darius. Alfred Paper Boy has not moved.,,"Alfred Paper Boy, Black Officer",no,Nice!,Black Officer,indoor,Jail exit hallway,Pictures with the police officer
6100,244.00000000000003,"The officer looks at the phone excitedly, slaps Alfred Paper Boy on the back, and walks away. Alfred Paper Boy stands completely still.",,"Alfred Paper Boy, Black Officer",no,"That's awesome, that's awesome. Alright see you around",Black Officer,indoor,Jail exit hallway,Pictures with the police officer
6196,247.84,The officer hurries away. Alfred Paper Boy stares after him. Darius waves awkwardly,Both Darius and Alfred Paper Boy were left feeling awkward by the encounter.,"Darius, Alfred Paper Boy",no,I appreciate it!,Black Officer,indoor,Jail exit hallway,Pictures with the police officer
6286,251.44000000000003,Alfred Paper Boy says again that he hates the prison. He and Darius turn and walk toward the exit.,,"Alfred Paper Boy, Darius",no,"I fucking hate this place, man.",Alfred Paper Boy,indoor,Jail exit hallway,Pictures with the police officer
6368,254.72000000000003,"Alfred Paper Boy and Darius walk toward the door. Darius asks why Alfred Paper Boy hates the prison.""",Darius is simple and oblivious to the social implications.,"Alfred Paper Boy, Darius",no,Why?,Darius,indoor,Jail exit hallway,Pictures with the police officer
6453,258.12,"Earn is making a call on the phone in the corner of the waiting room. He is calling Van to ask her to pay his bail so he can leave. He taps on the wall with his hand, looks around, and looks back down. The phone rings.",,Earn,no,,,indoor,Jail phone,Leaving a message for Van
6525,261.0,Van does not answer the phone and the call goes to voicemail. Earn sighs frustratedly.,Van is mad at Earn and ignoring him.,Earn,no,"Hey, it's Vanessa. Leave a message, thanks, bye.",Van,indoor,Jail phone,Leaving a message for Van
6637,265.48,Earn awkwardly starts to leave Van a message,,Earn,no,"Hey Van, umm",Earn,indoor,Jail phone,Leaving a message for Van
6684,267.36,Earn leaves Van an apology message from the waiting room phone.,Earn knows Van is not answering or bailing him out because she is mad.,Earn,no,"I know you're probably mad at me, I know you probably think I'm pretty irresponsible",Earn,indoor,Jail phone,Leaving a message for Van
6823,272.92,Earn continues leaving Van the message,,Earn,no,but I'm working on something that I think could be really big for me,Earn,indoor,Jail phone,Leaving a message for Van
6961,278.44,Earn catches himself coming off as selfish and awkwardly adds that what he is doing will also help Van. He looks up from the phone at something.,,Earn,no,a- and you... too...,Earn,indoor,Jail phone,Leaving a message for Van
7047,281.88,A mean-looking man glares at Earn from a holding cell.,,Prisoner,no,,,indoor,Jail phone,Leaving a message for Van
7143,285.72,Earn stares at the man for a moment and then looks back down.,Earn is uncomfortable in the jail and wants to leave.,Earn,no,,,indoor,Jail phone,Leaving a message for Van
7200,288.0,Earn goes back to leaving Van the message. He offers to explain what he has been up to when he gets out and asks if Van will pay his bail.,,Earn,no,"yeah, I can explain all of it when I get home. Also, I was thinking maybe you could bail me out?",Earn,indoor,Jail phone,Leaving a message for Van
7316,292.6400000000001,Earn says he will repay Van,,Earn,no,"you know, and I- I can pay you back, you know, and",Earn,indoor,Jail phone,Leaving a message for Van
7398,295.92,Earn awkwardly adds that he will also pay Van the rent money he owes. A laugh from the background cuts him off. A police officer who overheard Earn's message shakes his head. Earn trails off.,,"Earn, Officer",no,"I guess rent money, too...I guess...",Earn,indoor,Jail phone,Leaving a message for Van
7529,301.16,"The officer shakes his head. Earn looks at the officer for a moment, then turns back to the phone.",The officer disapproves. Earn feels self-conscious.,"Earn, officer",no,,,indoor,Jail phone,Leaving a message for Van
7623,304.92,Earn awkwardly stammers through the rest of his message.,,"Earn, Officer",no,"Yeah, so, I guess I'll...I'll see you later. Bye. I love you.""",Earn,indoor,Jail phone,Leaving a message for Van
7749,309.9600000000001,Earn hangs up the phone and shakes his head.,Earn knows the call did not go well.,"Earn, Officer",no,,,indoor,Jail phone,Leaving a message for Van
7832,313.2800000000001,Earn walks away from the phone.,,"Earn, Officer",no,,,indoor,Jail phone,Leaving a message for Van
7901,316.04,BLACK SCREEN 1,,,no,,,,,
7976,319.04,"A group of people, including Earn, sit in chairs in the waiting room. A man in a hospital gown walks by.",,"Lee, Earn",no,,,indoor,Jail waiting room,No sleeping; Buck & Grady
8099,323.9600000000001,"Earn slouches in his chair, asleep. A man in front of him wearing an orange shirt yawns.",Earn has been in the waiting room for a long time and is getting tired.,"Earn, Buck, Officer Jones",no,,,indoor,Jail waiting room,No sleeping; Buck & Grady
8156,326.24,Officer Jones walks behind Earn and bangs on his chair. Earn starts awake and looks at the officer.,,"Earn, Officer Jones",no,Hey.,Officer Jones,indoor,Jail waiting room,No sleeping; Buck & Grady
8222,328.88,"Earn looks at Officer Jones, who tells him he cannot sleep in the waiting room.",,Earn,no,There's no sleeping here. Sit up.,Officer Jones,indoor,Jail waiting room,No sleeping; Buck & Grady
8288,331.5200000000001,"Earn, half asleep with his eyes drooping, argues that everyone has to sleep.",Earn is tired.,"Earn, Officer Jones",no,"But, you have to sleep. Everybody...everybody has always slept.",Earn,indoor,Jail waiting room,No sleeping; Buck & Grady
8409,336.36,Officer Jones tells Earn he cannot sleep until he is processed and sent to a cell.,,"Earn, Officer Jones",no,"If you wanna sleep, you gotta wait until you're processed and sent to your cell upstairs.",Officer Jones,indoor,Jail waiting room,No sleeping; Buck & Grady
8490,339.6,"Mike, a man in a blue shirt asks the officer to be sent upstairs to a cell so he can sleep.",Mike is so tired he wants to be locked up so he can sleep.,"Mike, Earn, Officer Jones",no,"Man, can y'all please send me upstairs?  I'm so tired.",Mike,indoor,Jail waiting room,No sleeping; Buck & Grady
8580,343.2000000000001,"Officer Jones responds loudly that if the men wanted to sleep, they should not have been arrested.",The officers and system assume the detainees' guilt.,"Earn, Mike, Officer Jones",no,"No! If you wanted to sleep, you should've thought about that before you came to jail.",Officer Jones,indoor,Jail waiting room,No sleeping; Buck & Grady
8655,346.2000000000001,"Officer Jones walks away. Buck, a man in an orange shirt complains to Earn",Earn looks puzzled at what Officer Jones said.,"Earn, Officer Jones",no,"I don't believe this. Ridiculous, man.",Buck,indoor,Jail waiting room,No sleeping; Buck & Grady
8754,350.16,Officer Jones walks away. Buck turns around to talk to Earn.,,"Earn, Officer Jones, Buck",no,,,indoor,Jail waiting room,No sleeping; Buck & Grady
8814,352.56,Buck asks Earn why he is in jail.,,"Buck, Earn, Officer Jones, Grady",no,"What'd you, uh, what'd you do to get in here?",Buck,indoor,Jail waiting room,No sleeping; Buck & Grady
8854,354.16,Earn begins to answer.,,Earn,no,Umm,Earn,indoor,Jail waiting room,No sleeping; Buck & Grady
8916,356.6400000000001,Buck cuts Earn off and starts complaining animatedly.,Buck is frustrated.,"Buck, Earn, Grady",no,"Damn man, I should've just went home, boy.",Buck,indoor,Jail waiting room,No sleeping; Buck & Grady
9005,360.2000000000001,Buck continues talking to Earn,,"Buck, Earn, Grady",no,"Shit, instead I'm in here locked up with this fool I ain't seen in about eleven years, man.",Buck,indoor,Jail waiting room,No sleeping; Buck & Grady
9109,364.36,"Earn stares at Buck. Buck seems to be drunk, slurring his words and not speaking clearly.",,Earn,no,"I was at Five Points about to catch a bus, you feel me? And this nigga I ain't",Buck,indoor,Jail waiting room,No sleeping; Buck & Grady
9207,368.28,"Buck tells his story, but his words are difficult to understand.",,"Buck, Earn, Grady",no,"Seen in eleven years come up, talking about, 'Man, listen. Boy, I ain't seen you in about eleven years, boy. Let's hang out. You know, get a beer.",Buck,indoor,Jail waiting room,No sleeping; Buck & Grady
9344,373.7600000000001,Buck tells Earn how his friend Grady is responsible for him being arrested.,,"Buck, Earn, Grady",no,"So I follow him to the goddamn gas station. We get two beers. Ain't get but two of them, but they were the big ones, though. They were the big ones.",Buck,indoor,Jail waiting room,No sleeping; Buck & Grady
9467,378.68,Buck says his friend convinced him to go drink at his house.,,"Buck, Grady",no,"Anyway, so, nigga like 'man, come on, let's go- go to the house and drink them.'",Buck,indoor,Jail waiting room,No sleeping; Buck & Grady
9543,381.72,Buck says he and his friend decided to drink on the porch.,,"Buck, Grady",no,"So, we get to the house and he's like, 'Man, my old lady ain't here so we gotta drink them on the porch.",Buck,indoor,Jail waiting room,No sleeping; Buck & Grady
9634,385.36,Earn blinks tiredly. Buck says he was worried about being caught by the police,,Earn,no,"I'm like 'Boy, A.P.D. be rolling through here, boy.",Buck,indoor,Jail waiting room,No sleeping; Buck & Grady
9694,387.7600000000001,Buck says his friend talked him into drinking in public and the police came and arrested them.,,"Buck, Grady",no,"And he done talked me into it, so sure enough, A.P.D done rolled up and seen the goddamn two cans out there. Locked me up for public",Buck,indoor,Jail waiting room,No sleeping; Buck & Grady
9843,393.72,Earn stares tiredly and silently listens to the story.,,Earn,no,intoxication. [inaudible],Buck,indoor,Jail waiting room,No sleeping; Buck & Grady
9905,396.2000000000001,Buck says he is in jail because of his friend.,Buck is frustrated and agitated,"Buck, Grady",no,"Now I'm in here, man, cause of this nigga, man. I ain't seen him in eleven years, man.",Buck,indoor,Jail waiting room,No sleeping; Buck & Grady
10004,400.16,Buck says he will be in jail until Tuesday because he will not have the money to post bail until he is paid.,,"Buck, Grady",no,I'm gonna be in here until Tuesday cause I ain't cash my check.,Buck,indoor,Jail waiting room,No sleeping; Buck & Grady
10049,401.96,Earn looks up at Buck and sympathizes.,"Earn is suddenly more interested now, hearing how the prison system cornered Buck into an unfair situation.",Earn,no,That's messed up.,Earn,indoor,Jail waiting room,No sleeping; Buck & Grady
10106,404.24,Buck yells loudly that he should have just gone home.,Buck is frustrated at himself and the unfairness of his situation.,"Buck, Grady",no,"Ah, man, I should've went home, boy! Shit!",Buck,indoor,Jail waiting room,No sleeping; Buck & Grady
10183,407.32000000000005,"A man in a green shirt sitting in front of Buck, who was the friend named Grady he was arrested with, turns around and apologizes.",Grady also appears slightly drunk.,"Grady, Buck",no,"Damn, man, I said I was sorry. I just ain't seen you in, like, twelve years though.",Grady,indoor,Jail waiting room,No sleeping; Buck & Grady
10311,412.44,"Buck cuts Grady off, points at him, and yells at him to shut up.",,"Buck, Grady, Earn",no,"Man, fuck you, Grady! Shut up!",Buck,indoor,Jail waiting room,No sleeping; Buck & Grady
10385,415.4,"Grady turns away. Buck turns around to look at Earn. He scoffs at his friend's apology, says he hates the prison, then turns back around. He trails off, leans forward and fidgets in his chair.",Buck is frustrated with both Grady and the prison system.,"Buck, Grady",no,Now he wanna apologize and shit. I hate this motherfucking place...,Buck,indoor,Jail waiting room,No sleeping; Buck & Grady
10549,421.96,Earn looks silently at Buck for a moment.,,Earn,no,,,indoor,Jail waiting room,No sleeping; Buck & Grady
10625,425.0,Darius and Alfred Paper Boy are sitting at a hight table at J.R. Crickets Restaurant. Darius plays with salt and pepper shakers. Alfred Paper Boy has his head down and pounds his fist on the table. There is a TV on the ceiling above them.,,"Darius, Alfred Paper Boy",no,,,indoor,J. R. Crickets Restaurant,"The Precariousness Salt, Pepper, and Life"
10692,427.68,Alfred Paper Boy sits up and looks at his watch. He looks around and complains that the food is taking a long time.,,Alfred Paper Boy,no,"They're taking a minute, man.",Alfred Paper Boy,indoor,J. R. Crickets Restaurant,"The Precariousness Salt, Pepper, and Life"
10799,431.96,Darius carefully stacks salt and pepper shakers.,,Darius,no,,,indoor,J. R. Crickets Restaurant,"The Precariousness Salt, Pepper, and Life"
10854,434.16,Darius carefully stacks the salt and pepper shakers. He says they should have eaten there.,Darius is concentrating deeply.,Darius,no,Didn't know why we ordered our food to go. We should've just ate it here.,Darius,indoor,J. R. Crickets Restaurant,"The Precariousness Salt, Pepper, and Life"
10920,436.8,"Alfred Paper Boy stretches, groans, and says he does not like to eat in public.",,"Alfred Paper Boy, Darius",no,"Man, I don't like people watching me eat, man. Make me feel like I'm in a zoo.",Alfred Paper Boy,indoor,J. R. Crickets Restaurant,"The Precariousness Salt, Pepper, and Life"
11032,441.28,Darius stacks another pepper shaker. Alfred Paper Boy crosses his arms on the table and adds as an afterthought that they cannot smoke weed in the restaurant.,,"Alfred Paper Boy, Darius",no,"Plus we can't smoke weed in here, so",Alfred Paper Boy,indoor,J. R. Crickets Restaurant,"The Precariousness Salt, Pepper, and Life"
11100,444.0,Darius carefully examines his tower of shakers. Alfred thinks silently for a moment.,,"Darius, Alfred Paper Boy",no,,,indoor,J. R. Crickets Restaurant,"The Precariousness Salt, Pepper, and Life"
11175,447.0,Darius carefully adds another salt shaker to the stack. Alfred Paper Boy turns to look at him and remarks how crazy the last night was.,,"Darius, Alfred Paper Boy",no,"Hey, man. Last night was crazy, right? Shit happened so fast.",Alfred Paper Boy,indoor,J. R. Crickets Restaurant,"The Precariousness Salt, Pepper, and Life"
11319,452.7600000000001,Darius reaches for another pepper shaker. He quietly philosophizes that humans are perpetually close to destruction.,"Darius, who is normally a goofy and simple character, makes some unexpectedly wise and deep comments.","Darius, Alfred Paper Boy",no,"As humans, we are always close to destruction.",Darius,indoor,J. R. Crickets Restaurant,"The Precariousness Salt, Pepper, and Life"
11403,456.12,Darius adds the pepper shaker to the stack. He continues speaking.,Darius continues with his unexpectedly deep insights.,"Darius, Alfred Paper Boy",no,Life itself is but a series of close calls.,Darius,indoor,J. R. Crickets Restaurant,"The Precariousness Salt, Pepper, and Life"
11513,460.52,"Darius stacks another salt shaker. He continues philosophizing. Alfred Paper Boy stares elsewhere, silently.","Darius continues his philosophical musings, which are strange and out of character for him.","Alfred Paper Boy, Darius",no,"I mean, how would you know you were alive unless you knew you could die?",Darius,indoor,J. R. Crickets Restaurant,"The Precariousness Salt, Pepper, and Life"
11650,466.00000000000006,"Darius tries to stack one more salt shaker, and the tower collapses.",The falling tower symbolizes the fragility of life Darius is describing.,Darius,no,,,indoor,J. R. Crickets Restaurant,"The Precariousness Salt, Pepper, and Life"
11692,467.68,"Alfred Paper Boy looks over at Darius and the fallen tower, startled by the noise of it falling.",,Alfred Paper Boy,no,,,indoor,J. R. Crickets Restaurant,"The Precariousness Salt, Pepper, and Life"
11741,469.64,Darius nods slightly and says he wishes he was high.,,Alfred Paper Boy,no,"I really should be high for this, man.",Alfred Paper Boy,indoor,J. R. Crickets Restaurant,"The Precariousness Salt, Pepper, and Life"
11803,472.12,"Alfred Paper Boy looks up as PJ, a waiter, comes to the table with their orders.",,"Alfred Paper Boy, PJ the Waiter",no,"Alright, yo. There we go.",PJ the Waiter,indoor,J. R. Crickets Restaurant,One of the Last Real Rappers
11855,474.2000000000001,"PJ, the waiter, puts the to go boxes on the table and pushes them toward Alfred Paper Boy and Darius. Darius pushes his shakers to aside.",,"Darius, Alfred Paper Boy, PJ the Waiter",no,Ten piece order of teriyaki wings with fries,PJ the Waiter,indoor,J. R. Crickets Restaurant,One of the Last Real Rappers
11945,477.8,Alfred Paper Boy and Darius lean down and smell their boxes of food.,Alfred Paper Boy and Darius are excited.,"Darius, Alfred Paper Boy",no,"There you go, man. ""Yeah, man.""","PJ the Waiter, Alfred Paper Boy",indoor,J. R. Crickets Restaurant,One of the Last Real Rappers
12023,480.92,PJ the Waiter lingers at the table for a second and gets Alfred Paper Boy's attention.,,"PJ the Waiter, Alfred Paper Boy",no,"Hey, yo",PJ the Waiter,indoor,J. R. Crickets Restaurant,One of the Last Real Rappers
12097,483.88000000000005,PJ the Waiter expresses his admiration for Alfred Paper Boy,,"Alfred Paper Boy, PJ the Waiter",no,"I just wanna say, you the nigga, man.",PJ the Waiter,indoor,J. R. Crickets Restaurant,One of the Last Real Rappers
12163,486.52,Alfred Paper Boy looks up at PJ the Waiter,Alfred Paper Boy is confused,"Alfred Paper Boy, PJ the Waiter",no,Huh?,Alfred Paper Boy,indoor,J. R. Crickets Restaurant,One of the Last Real Rappers
12196,487.84,PJ the Waiter recognizes Alfred as Paper Boy and says he heard about his arrest.,PJ the Waiter admires and respects Alfred Paper Boy,PJ the Waiter,no,You Paper Boy. Yeah. I heard about that shootout you,PJ the Waiter,indoor,J. R. Crickets Restaurant,One of the Last Real Rappers
12306,492.24,PJ the Waiter says he heard about the shootout online. Alfred Paper Boy and Darius stare at him.,,"Darius, Alfred Paper Boy",no,had on Twitter.,PJ the Waiter,indoor,J. R. Crickets Restaurant,One of the Last Real Rappers
12335,493.4,"Alfred Paper Boy glances sideways at Darius, who is staring open-mouthed.",Alfred Paper Boy is initially uncomfortable people have heard about the shooting.,"Darius, Alfred Paper Boy",no,,,indoor,J. R. Crickets Restaurant,One of the Last Real Rappers
12368,494.72,PJ the Waiter calls Alfred Paper Boy one of the last real rappers.,PJ the Waiter respects Alfred Paper Boy for being violent,"Darius, Alfred Paper Boy",no,"You one of the last real rappers, man.",PJ the Waiter,indoor,J. R. Crickets Restaurant,One of the Last Real Rappers
12414,496.56000000000006,"Alfred Paper Boy pauses, then thanks PJ the Waiter for the compliment.",Alfred Paper Boy is surprised the shooting gave him a positive image and feels slightly awkward about his notoriety.,"Darius, Alfred Paper Boy",no,"Thanks, man.",Alfred Paper Boy,indoor,J. R. Crickets Restaurant,One of the Last Real Rappers
12472,498.88000000000005,PJ the Waiter responds,,PJ the Waiter,no,"Hey, it's all good, fam.",PJ the Waiter,indoor,J. R. Crickets Restaurant,One of the Last Real Rappers
12516,500.64,PJ the Waiter describes himself as old school.,,PJ the Waiter,no,"You see, I'm an old school cat, you dig?",PJ the Waiter,indoor,J. R. Crickets Restaurant,One of the Last Real Rappers
12607,504.28,PJ the Waiter names old style rappers he listens to.,,PJ the Waiter,no,I listen to Biggie and Mobb Deep still.,PJ the Waiter,indoor,J. R. Crickets Restaurant,One of the Last Real Rappers
12678,507.12,Alfred Paper Boy listens. PJ the Waiter disparages current rap artists.,,Alfred Paper Boy,no,Nowadays you got these singing ass niggas like Fetty Wap in,PJ the Waiter,indoor,J. R. Crickets Restaurant,One of the Last Real Rappers
12779,511.16,"Alfred Paper Boy laughs and scoffs at the current artists, rubs his face, and grins. PJ the Waiter continues.",,Alfred Paper Boy,no,"the game now. Man, that shit is weak.",PJ the Waiter,indoor,J. R. Crickets Restaurant,One of the Last Real Rappers
12850,514.0,PJ the Waiter looks at Alfred Paper Boy and compliments his willingness to be violent.,The shootout has gained Alfred Paper Boy respect from people who admire rap music's culture of prideful violence.,PJ the Waiter,no,But it's good to see a rapper that'll just blow a nigga brains out on the streets.,PJ the Waiter,indoor,J. R. Crickets Restaurant,One of the Last Real Rappers
12939,517.5599999990001,Alfred Paper Boy covers his mouth with his hand and looks sideways at Darius,Alfred Paper Boy is taken aback by PJ the Waiter's assumption he is violent and would murder someone.,Alfred Paper Boy,no,"That's that '90s shit, B!",PJ the Waiter,indoor,J. R. Crickets Restaurant,One of the Last Real Rappers
13011,520.44,"Darius stares at Alfred Paper Boy, then looks at PJ the Waiter",Darius shares Alfred Paper Boy's surprise.,Darius,no,Ayo,PJ the Waiter,indoor,J. R. Crickets Restaurant,One of the Last Real Rappers
13065,522.6,PJ the Waiter says under his breath that the cook made them something special.,PJ the Waiter is showing his appreciation for Alfred Paper Boy,PJ the Waiter,no,My boy hooked you up. He made you the lemon pepper joints,PJ the Waiter,indoor,J. R. Crickets Restaurant,One of the Last Real Rappers
13175,527.0,PJ the Waiter whispers meaningfully that the wings have sauce on them.,The wing sauce is unusual and special.,PJ the Waiter,no,But these got the sauce on them.,PJ the Waiter,indoor,J. R. Crickets Restaurant,One of the Last Real Rappers
13244,529.76,PJ the Waiter leans back and looks at Alfred Paper Boy knowingly. Alfred Paper Boy exclaims.,The lemon pepper wings with sauce are special and unusual.,PJ the Waiter,no,"Oh, snap.",Alfred Paper Boy,indoor,J. R. Crickets Restaurant,One of the Last Real Rappers
13268,530.72,Alfred Paper Boy exclaims and leans over to look in the to go box.,Alfred Paper Boy is impressed and surprised.,Alfred Paper Boy,no,Lemon pepper wet?,Alfred Paper Boy,indoor,J. R. Crickets Restaurant,One of the Last Real Rappers
13324,532.96,Darius dramatically opens the to go box of wings. The contents of the box are glowing on his face. He and Alfred Paper Boy look longingly at the wings.,Alfred Paper Boy and Darius are impressed by the special wings.,"Darius, Alfred Paper Boy",no,Oh my god.,Darius,indoor,J. R. Crickets Restaurant,One of the Last Real Rappers
13429,537.159999999,Darius and Alfred Paper Boy stare into the glowing box of wings and shake their heads. PJ the Waiter gets their attention and they look up at him.,Alfred Paper Boy and Darius are in awe of the wings.,"Darius, Alfred Paper Boy",no,"Hey, hey, ayo, my nigga",PJ the Waiter,indoor,J. R. Crickets Restaurant,One of the Last Real Rappers
13467,538.6799999990001,PJ the Waiter looks around the restaurant and whispers to hide the wings.,The lemon pepper wet wings are special and not offered.,"PJ the Waiter, Alfred Paper Boy",no,"Put that down, man.",PJ the Waiter,indoor,J. R. Crickets Restaurant,One of the Last Real Rappers
13493,539.72,Darius closes the top of the to go box and the glow fades away. Alfred Paper Boy sits back down. They both look at PJ the Waiter.,,"Darius, Alfred Paper Boy",no,,,indoor,J. R. Crickets Restaurant,One of the Last Real Rappers
13543,541.72,Pj the Waiter tells Darius and Alfred Paper Boy that the restaurant does not usually offer the special wings,,"Darius, Alfred Paper Boy",no,"Yeah, see, we don't normally do that",PJ the Waiter,indoor,J. R. Crickets Restaurant,One of the Last Real Rappers
13574,542.96,"PJ the Waiter says that his friend, Sam, the cook, made the wings special for them. He points at Sam across the room",,PJ the Waiter,no,"but my man, Sam, he hooked you all up. Holla at him.",PJ the Waiter,indoor,J. R. Crickets Restaurant,One of the Last Real Rappers
13668,546.72,Sam the Cook stands in the doorway to the kitchen and nods his head slightly at Alfred Paper Boy,Sam the Cook also respects Alfred Paper Boy,Sam the Cook,no,,,indoor,J. R. Crickets Restaurant,One of the Last Real Rappers
13725,549.0,Alfred Paper Boy raises his hand at Sam the Cook in thanks for the special wings. Darius gives him a military salute. PJ the Waiter gets their attention.,,"Darius, Alfred Paper Boy",no,"Cool, cool, cool, cool, cool ""Ayo""","Alfred Paper Boy, PJ the Waiter",indoor,J. R. Crickets Restaurant,One of the Last Real Rappers
13803,552.12,PJ the Waiter points at the take out box and says he gave them a lot of blue cheese as well.,,PJ the Waiter,no,I put a bunch of that blue cheese in there,PJ the Waiter,indoor,J. R. Crickets Restaurant,One of the Last Real Rappers
13846,553.84,"Alfred Paper Boy bangs his hand on the table, grins, and grunts. He reaches out and shakes PJ the Waiter's hand",Alfred Paper Boy is excited about and appreciates the blue cheese.,"Alfred Paper Boy, PJ the Waiter",no,"too ""Yeah, man!""","PJ the Waiter, Alfred Paper Boy",indoor,J. R. Crickets Restaurant,One of the Last Real Rappers
13916,556.64,"PJ the Waiter, still holding Alfred Paper Boy's hand, encourages him to keep doing what he is doing.",,PJ the Waiter,no,"Ayo, keep doing your thing man, alright?",PJ the Waiter,indoor,J. R. Crickets Restaurant,One of the Last Real Rappers
13997,559.88,"PJ the Waiter tells Alfred Paper Boy that he is one of the last ""real"" rappers.",,PJ the Waiter,no,You one of the last real rappers.,PJ the Waiter,indoor,J. R. Crickets Restaurant,One of the Last Real Rappers
14047,561.88,"Alfred Paper Boy and PJ the Waiter shake hands, and point finger guns at each other. PJ the Waiter prepares to leave and Alfred Paper Boy nods his head.",PJ the Waite and Alfred Paper Boy share mutual respect.,"Alfred Paper Boy, Darius",no,"Keep holding it down, my nigga.",PJ the Waiter,indoor,J. R. Crickets Restaurant,One of the Last Real Rappers
14143,565.72,"PJ the Waiter begins to walk away, but pauses and whispers to Alfred Paper Boy",,PJ the Waiter,no,"Don't let me down, man.",PJ the Waiter,indoor,J. R. Crickets Restaurant,One of the Last Real Rappers
14207,568.2800000000002,Alfred Paper Boy looks up,Alfred Paper Boy is taken aback,Alfred Paper Boy,no,,,indoor,J. R. Crickets Restaurant,One of the Last Real Rappers
14248,569.9200000000002,PJ the Waiter pauses before continuing,PJ the Waiter looks at Alfred Paper Boy seriously,PJ the Waiter,no,If you let me down...,PJ the Waiter,indoor,J. R. Crickets Restaurant,One of the Last Real Rappers
14316,572.64,"PJ the Waiter pauses again before finishing his sentence. His eyes dart sideways, then he smiles and walks away.","PJ the Waiter suddenly turns serious, even threatening.",PJ the Waiter,no,...I don't know what I'd do.,PJ the Waiter,indoor,J. R. Crickets Restaurant,One of the Last Real Rappers
14444,577.76,Alfred Paper Boy stares silently forward. PJ the Waiter bumps him on the arm and walks away. Darius smells the chicken wings.,"Alfred Paper Boy is conflicted, feeling a new pressure to not let a fan down.","Alfred Paper Boy, Darius, PJ the Waiter",no,,,indoor,J. R. Crickets Restaurant,One of the Last Real Rappers
14525,581.0,"Alfred Paper Boy turns and looks after PJ the Waiter as he walks away. Darius looks up, taps Alfred Paper Boy on the shoulder, and congratulates him. Alfred Paper Boy turns to him and nods.",Alfred Paper Boy is conflicted about the image PJ the Waiter respects him for. Darius is excited.,"Alfred Paper Boy, Darius, PJ the Waiter",no,"Yo, you got that juice, baby!",Darius,indoor,J. R. Crickets Restaurant,One of the Last Real Rappers
14604,584.1600000000002,Alfred Paper Boy turns to Darius and answers shortly.,Alfred Paper Boy is internally conflicted.,"Alfred Paper Boy, Darius",no,Yeah,Alfred Paper Boy,indoor,J. R. Crickets Restaurant,One of the Last Real Rappers
14644,585.76,"Alfred Paper Boy turns back around and stares after PJ the Waiter for another long moment, before turning back to Darius. Darius opens the take out box and examines the wings.",Alfred Paper Boy is internally conflicted. Darius is oblivious to the situation and focused on the wings.,"Alfred Paper Boy, Darius",no,,,indoor,J. R. Crickets Restaurant,One of the Last Real Rappers
14757,590.2800000000002,"A man with dreadlocks in a grey shirt is standing in front of Alfred Paper Boy, checking out at a gas station convenience store. He turns and glances behind himself.",,Customer,no,,,indoor,Gas station convenience store,Gas Station Suspicion
14825,593.0,"Alfred Paper Boy stands bored in line, staring off. He catches the man checking out glancing back at him.",,Alfred Paper Boy,no,,,indoor,Gas station convenience store,Gas Station Suspicion
14872,594.88,The man turns back around and finishes paying.,,Customer,no,,,indoor,Gas station convenience store,Gas Station Suspicion
14919,596.76,"The man pockets his wallet, nods at the cashier, and walks away.",,"Customer, Alfred Paper Boy, Cashier",no,,,indoor,Gas station convenience store,Gas Station Suspicion
15002,600.08,Alfred Paper Boy walks up to the counter and pulls out his wallet.,,"Alfred Paper Boy, Cashier",no,,,indoor,Gas station convenience store,Gas Station Suspicion
15041,601.64,Alfred Paper Boy buys cigarillos and gas. He drops a bill on the counter and looks after the man in front of him.,Alfred Paper Boy is suspicious of the man.,"Alfred Paper Boy, Cashier",no,"Hey, uhh, let me get, umm, a four pack of them Swishers and, uhh, put the rest on pump five.",Alfred Paper Boy,indoor,Gas station convenience store,Gas Station Suspicion
15178,607.12,Alfred Paper Boy continues staring after the man and puts his wallet away. He tells the cashier he does not need a bag.,Alfred Paper Boy is suspicious of the man.,"Alfred Paper Boy, Cashier",no,I don't need a bag.,Alfred Paper Boy,indoor,Gas station convenience store,Gas Station Suspicion
15272,610.88,The cashier responds and rings him up.  Alfred Paper Boy looks at him.,Alfred Paper Boy is surprised.,"Alfred Paper Boy, Cashier",no,I know.,Cashier,indoor,Gas station convenience store,Gas Station Suspicion
15334,613.36,"Alfred Paper Boy taps the pack of Swishers against his hand, holds them in his mouth, and walks away.",,"Alfred Paper Boy, Cashier",no,,,indoor,Gas station convenience store,Gas Station Suspicion
15445,617.8000000000002,Alfred Paper Boy walks out the door of the convenience store. Loud music is coming from one of the cars.,,Alfred Paper Boy,yes,,,outdoor,Gas station,Gas Station Suspicion
15519,620.76,Alfred Paper Boy walks slowly toward his car and passes a woman entering the store. He turns and stares at her as she goes by.,,Alfred Paper Boy,yes,,,outdoor,Gas station,Gas Station Suspicion
15629,625.1600000000002,Alfred Paper Boy walks up to the gas pump at his car.,,Alfred Paper Boy,yes,,,outdoor,Gas station,Gas Station Suspicion
15684,627.36,Alfred Paper Boy walks up to the pump and suddenly looks up across the parking lot.,Alfred Paper Boy is suspicious.,Alfred Paper Boy,yes,,,outdoor,Gas station,Gas Station Suspicion
15769,630.76,"The man from inside the convenience store stands, leaning on a car and talking to another man inside it. The two look over at Alfred Paper Boy as they talk.",The men may be talking about Alfred Paper Boy,Customer,yes,,,outdoor,Gas station,Gas Station Suspicion
15851,634.0400000000002,"Alfred Paper Boy stares at the men for a moment, then looks down and begins pumping gas.",Alfred Paper Boy is suspicious of the men.,Alfred Paper Boy,yes,,,outdoor,Gas station,Gas Station Suspicion
15919,636.76,"Alfred Paper Boy replaces the pump, walks over to his car, and gets in. Darius is sitting in the passenger seat.",,"Alfred Paper Boy, Darius",yes,,,outdoor,Gas station,Gas Station Suspicion
16063,642.5200000000002,Alfred Paper Boy shuts the door and stares at the men across the parking lot.,Alfred Paper Boy is suspicious of the men.,"Alfred Paper Boy, Darius",yes,,,outdoor,Gas station,Gas Station Suspicion
16103,644.12,Darius says he wants to go inside and buy a Cow Tale.  Alfred Paper Boy stares at the men.,Alfred Paper Boy is suspicious of the men. Darius has not noticed.,"Alfred Paper Boy, Darius",yes,"Yo, I'm gonna go get me a Cow Tale.",Darius,outdoor,Gas station,Gas Station Suspicion
16135,645.4000000000002,"Alfred Paper Boy, still staring at the men, raises his hand and cuts Darius off.",Alfred Paper Boy is suspicious of the men.,"Alfred Paper Boy, Darius",yes,No.,Alfred Paper Boy,outdoor,Gas station,Gas Station Suspicion
16168,646.72,"Alfred Paper Boy, still staring at the men, starts the car and begins driving.",Alfred Paper Boy is suspicious of the men. Darius is sad he cannot get a Cow Tale.,"Alfred Paper Boy, Darius",yes,,,outdoor,Gas station,Gas Station Suspicion
16278,651.12,Alfred Paper Boy's and Darius's car pulls out of the gas station.,,"Alfred Paper Boy, Darius",yes,,,outdoor,Gas station,Gas Station Suspicion
16368,654.72,A gloved hand fills a small plastic cup with juice from a Gatorade cooler and passes it to Earn.,,,no,,,indoor,Jail waiting room,Treating Lee
16446,657.84,Earn accepts the cup gingerly.,Earn is disgusted by the liquid in the cup.,Earn,no,,,indoor,Jail waiting room,Treating Lee
16506,660.24,Earn pulls a hair out of the drink.,,Earn,no,,,indoor,Jail waiting room,Treating Lee
16545,661.8000000000002,The hand passes a sandwich to Earn.  Earn looks at the man who gave it to him.,Earn is disgusted by the prison food.,Earn,no,,,indoor,Jail waiting room,Treating Lee
16636,665.44,Earn holds up the sandwich and examines it. A voice gets his attention.,Earn is disgusted by the prison food.,Earn,no,Hey,Old Inmate,indoor,Jail waiting room,Treating Lee
16690,667.6,"An older black man with white hair, wearing a red flowed shirt, asks Earn if he wants his sandwich.",,Old Inmate,no,You gonna eat that?,Inmate,indoor,Jail waiting room,Treating Lee
16745,669.8000000000002,Earn looks at the sandwich and offers it to the older inmate.,,Earn,no,"Nah, that's all you.",Earn,indoor,Jail waiting room,Treating Lee
16809,672.36,Earn hands the older inmate the sandwich. The man looks at Earn and laughs.,,"Earn, Old Inmate, Buck",no,,,indoor,Jail waiting room,Treating Lee
16866,674.64,"The older inmate turns and tells Earn he is not going to survive in prison, then starts to eat his food.",,Old Inmate,no,"You ain't gonna make it in here, boy.",Old Inmate,indoor,Jail waiting room,Treating Lee
16966,678.64,"Earn silently looks away. He notices Lee, the mentally handicapped inmate, making strange noises.",,Earn,no,,,indoor,Jail waiting room,Treating Lee
17121,684.84,"Lee, wearing a hospital gown, dances and walks in a strange way.",,"Lee, Buck",no,,,indoor,Jail waiting room,Treating Lee
17225,689.0,A few of the inmates watch Lee,,"Buck, Old Inmate",no,,,indoor,Jail waiting room,Treating Lee
17278,691.12,"Lee continues dancing strangely. Officer Jones walks up to Lee, laughs, and talks to him.",,"Lee, Officer Jones, Buck, Grady, Earn",no,What kind of dancing is that?,Officer Jones,indoor,Jail waiting room,Treating Lee
17329,693.1600000000002,"Officer Jones laughs, hits Lee on the shoulder, and tells him to sit down.",Officer Jones is used to Lee's antics and is disinterested.,"Lee, Officer Jones, Buck, Grady, Earn",no,"Lee, go sit down somewhere.",Officer Jones,indoor,Jail waiting room,Treating Lee
17388,695.5200000000002,Lee continues moving around the waiting room.  Officer Jones comments.,,Lee,no,That guy never quits.,Officer Jones,indoor,Jail waiting room,Treating Lee
17426,697.0400000000002,The older inmate takes a bite out of Earn's cookie and watches Lee.,,Old Inmate,no,,,indoor,Jail waiting room,Treating Lee
17478,699.12,A black female officer holding a clipboard watches Lee moving strangely around the room and comments.,,"Lee, Officer Wills",no,"Boy, you up in here every week, cutting up.",Officer Wills,indoor,Jail waiting room,Treating Lee
17533,701.32,Earn watches Lee and asks if he really is in jail that often.,Earn is surprised.,Earn,no,He's in here every week?,Earn,indoor,Jail waiting room,Treating Lee
17597,703.88,An inmate turns to Earn and tells him that Lee was in jail last time he was arrested.,,"Earn, Inmate",no,He was in here last time I got locked up.,Inmate,indoor,Jail waiting room,Treating Lee
17656,706.24,Lee continues moving and dancing around the room.,,"Lee, Officer Wills",no,That nigga crazy.,Inmate,indoor,Jail waiting room,Treating Lee
17701,708.0400000000002,"Lee suddenly stops moving around and looks at his cup, then looks around worriedly.",Lee is looking for something.,Lee,no,,,indoor,Jail waiting room,Treating Lee
17784,711.36,Lee suddenly runs off.,,Lee,no,,,indoor,Jail waiting room,Treating Lee
17829,713.1600000000002,Lee runs into a bathroom and bends over. An inmate says loudly that he is going to drink from the toilet.,,"Lee, Earn, Buck, Grady, inmates",no,"Hey, look, look, look, he dipping his cup in the toilet!",Inmate,indoor,Jail waiting room,Treating Lee
17928,717.12,The inmates sit up and watch Lee. Buck says Lee is going to drink toilet water.,The inmates are suddenly interested. Buck is excited.,"Buck, Old Inmate, Inmate.",no,"Oh, man. He gon drink it!",Inmate,indoor,Jail waiting room,Treating Lee
17997,719.88,Lee brings the cup full of toilet water up to his mouth and takes a sip. An inmate sitting in front of Lee hides his face in his hand.,,Lee,no,"Oh no, he ain't gonna drink that.",Buck,indoor,Jail waiting room,Treating Lee
18107,724.2800000000002,"The inmates grimace, exclaim loudly, and laugh at Lee.","Everyone finds Lee amusing and entertaining, but they are not interested in helping him.","Buck, Old Inmate, Inmate",no,,,indoor,Jail waiting room,Treating Lee
18142,725.6800000000002,The whole room of officers and inmates laugh at Lee. None try or offer to help him.,,"Inmates, Earn",no,,,indoor,Jail waiting room,Treating Lee
18193,727.72,Earn asks why Lee is in jail every week.,Earn is surprised Lee is allowed to do these things with no intervention.,"Earn, Officer Jones, Old Inmate, Buck, Inmate",no,Why is he in here every week?,Earn,indoor,Jail waiting room,Treating Lee
18262,730.48,"Earn continues, saying Lee needs help.",Earn touches on the problem of mentally handicapped people's treatment in the prison system.,"Earn, Officer Jones, Buck, Old Inmate, Inmate",no,"He, he look like he need help.",Earn,indoor,Jail waiting room,Treating Lee
18306,732.24,Officer Jones brushes off Earn's concern and tells him to be quiet.,,"Earn, Officer Jones, Buck, Old Inmate, Inmate",no,"Hey, man, shut up.",Officer Jones,indoor,Jail waiting room,Treating Lee
18352,734.08,"Sergeant Simmons's voice, with a Southern accent, asks from off screen if the commotion is Lee.  Officer Jones walks away from Earn",,"Earn, Officer Jones, Buck, Old Inmate, Inmate",no,Don't tell me that's Lee in here again.,Sergeant Simmons,indoor,Jail waiting room,Treating Lee
18413,736.5200000000002,Officer Jones walks away from Earn and answers that it is Lee,,"Earn, Officer Jones, Buck, Old Inmate, Inmate",no,"Yeah, it's him alright.",Officer Jones,indoor,Jail waiting room,Treating Lee
18435,737.4000000000002,"Lee drinks the toilet water from his cup, and Officer Jones comments. Sergeant Simmons walks up to him, smiling.","Lee has drank from the toilet before, and the officers do not care to stop him.","Lee, Sergeant Simmons",no,Drinking the toilet water again.,Officer Jones,indoor,Jail waiting room,Treating Lee
18490,739.6,"Lee walks slowly, looking at his cup of water. Sergeant Simmons walks up to him, smiles and comments.",Sergeant Simmons is amused by Lee's actions,"Lee, Sergeant Simmons",no,Oh this guy just keeps going.,Sergeant Simmons,indoor,Jail waiting room,Treating Lee
18542,741.6800000000002,Buck grimaces and shakes his head. Another inmate laughs.,,"Buck, Inmate, Old Inmate",no,,,indoor,Jail waiting room,Treating Lee
18595,743.8000000000002,"Sergeant Simmons glances sideways at Lee, smiles, and asks how he is.",Sergeant Simmons is amused and unconcerned.,"Sergeant Simmons, Lee",no,"How's it going, Lee?",Sergeant Simmons,indoor,Jail waiting room,Treating Lee
18643,745.72,Lee turns and spits water on Sergeant Simmons.,,"Lee, Sergeant Simmons",no,,,indoor,Jail waiting room,Treating Lee
18676,747.0400000000002,"Lee spits water on Sergeant Simmons, who jumps back and glares. Another officer runs up. The inmates gasp.",Sergeant Simmons is angry,"Lee, Sergeant Simmons",no,,,indoor,Jail waiting room,Treating Lee
18722,748.88,"Lee grins. An officer grabs him from behind, knocking the cup of water out of his hands",,"Lee, Officer",no,,,indoor,Jail waiting room,Treating Lee
18744,749.76,Sergeant Simmons pulls out his baton.,,Sergeant Simmons,no,,,indoor,Jail waiting room,Treating Lee
18760,750.4000000000002,"Sergeant Simmons glares at Lee, winds up and hits him hard across the face with his baton.",,Sergeant Simmons,no,,,indoor,Jail waiting room,Treating Lee
18782,751.2800000000002,Earn and the other inmates flinch and gasp as Sergeant Simmons beats Lee.,Earn and the inmates are shocked at the violence.,"Earn, Inmate",no,,,indoor,Jail waiting room,Treating Lee
18814,752.5600000000002,Sergeant Simmons and the other officer wrestle Lee to the ground as the other inmates watch.,,"Sergeant Simmons, Lee, Officer, Earn, Buck, Grady, inmates",no,,,indoor,Jail waiting room,Treating Lee
18847,753.88,An alarm sounds and more officers rush to subdue Lee. Lee screams.,,"Lee, Sergeant Simmons, Officer Jones, Officer",no,,,indoor,Jail waiting room,Treating Lee
18936,757.44,Earn looks down silently as Lee screams and the alarm sounds.,Earn is uncomfortable and angry with Lee's treatment.,"Earn, Inmate",no,,,indoor,Jail waiting room,Treating Lee
19040,761.6,The officers wrestle to handcuff Lee on the floor. Lee continues screaming. The alarm continues blaring.,,"Lee, Sergeant Simmons, Officer Jones, Officer",no,,,indoor,Jail waiting room,Treating Lee
19166,766.6400000000001,"Earn and the other inmates sit silently, eyes downcast, as the officers subdue a screaming Lee. The alarm keeps sounding.",Earn and the other inmates are now uncomfortable with the officers' treatment of Lee,"Earn, Buck, Old Inmate, Inmate",no,,,indoor,Jail waiting room,Treating Lee
19294,771.7600000000001,BLACK SCREEN 2,,,no,,,,,
19358,774.32,"Darius opens the door off screen. He walks into Alfred Paper Boy's house and greets him, looking at his phone.",,Darius,no,"Yeah! Hey, bruh",Darius,indoor,Alfred Paper Boy's house,Alfred's Mood
19436,777.44,"Darius, still looking at his phone, sits down on the couch and tells Alfred Paper Boy that XXL Magazine covered the shooting.",,Darius,no,"Uh, Double X L just picked up your story.",Darius,indoor,Alfred Paper Boy's house,Alfred's Mood
19517,780.6800000000002,Alfred Paper Boy walks in and sits down at the table. Darius continues talking about his publicity.,,Alfred Paper Boy,no,And...it looks like Complex got you at song,Darius,indoor,Alfred Paper Boy's house,Alfred's Mood
19635,785.4000000000002,"Darius, sitting on the couch and looking at his phone, continues talking to Alfred Paper Boy at the table behind him.",,"Darius, Alfred Paper Boy",no,"of the month, bruh.",Darius,indoor,Alfred Paper Boy's house,Alfred's Mood
19676,787.0400000000002,Alfred Paper Boy responds shortly. Darius nods his head.,Alfred Paper Boy is disinterested in the publicity.,"Darius, Alfred Paper Boy",no,Cool,Alfred Paper Boy,indoor,Alfred Paper Boy's house,Alfred's Mood
19723,788.9200000000002,Darius pauses for a second and looks up from his phone. He questions Alfred Paper Boy's lack of excitement at the news.,,"Darius, Alfred Paper Boy",no,Well that don't sound like you think it's cool.,Darius,indoor,Alfred Paper Boy's house,Alfred's Mood
19825,793.0,Alfred Paper Boy rubs his face and does not respond.,Alfred Paper Boy is brooding about something.,"Darius, Alfred Paper Boy",no,,,indoor,Alfred Paper Boy's house,Alfred's Mood
19878,795.12,"Darius turns around and suggests they go out to a club and pick up women, who will love Alfred Paper Boy because he is a thug.",Darius tries to make Alfred Paper Boy feel better and lift his mood.,Darius,no,"We should go out. Them crazy girls that be over at Edgewood, man, they love a thug.",Darius,indoor,Alfred Paper Boy's house,Alfred's Mood
20032,801.2800000000002,Alfred Paper Boy leans his head back and closes his eyes. Darius continues.,Alfred Paper Boy is not interested or receptive. Darius continues trying to encourage him.,Alfred Paper Boy,no,You gon clean it all up,Darius,indoor,Alfred Paper Boy's house,Alfred's Mood
20064,802.5600000000002,Alfred Paper Boy responds that he does not feel like going to a club.,"Alfred Paper Boy feels down, in a strange mood.",Alfred Paper Boy,no,"Nah, man, I don't know, man, I'm not feeling it.",Alfred Paper Boy,indoor,Alfred Paper Boy's house,Alfred's Mood
20119,804.7600000000001,"Alfred Paper Boy slouches in his chair and continues, saying he does not want to be around people because he feels weird.",Alfred Paper Boy is thinking about the people from that day who have seen him differently because of the shooting.,Alfred Paper Boy,no,"I don't feel like being around people today. I just, I'm getting this weird, like, energy today.",Alfred Paper Boy,indoor,Alfred Paper Boy's house,Alfred's Mood
20267,810.6800000000002,"Darius, sitting on the couch, suggests they go play pool instead, since the people there are cool.",,Darius,no,"Well, yo, maybe we could go shoot some pool, right? The cool up there.",Darius,indoor,Alfred Paper Boy's house,Alfred's Mood
20378,815.12,Alfred Paper Boy rolls his eyes. Darius reminds him of a waitress he likes that he could see.,Alfred Paper Boy feels strange and unmotivated.,Alfred Paper Boy,no,"Plus, you know, you could talk to that little waitress, you know",Darius,indoor,Alfred Paper Boy's house,Alfred's Mood
20447,817.88,"Darius, sitting on the couch, gestures at his head and describes the waitress's hair.",,Darius,no,with the hair thing going on.,Darius,indoor,Alfred Paper Boy's house,Alfred's Mood
20506,820.24,"Alfred Paper Boy, sitting in the chair, stares at the table in front of him and answers quietly.",Alfred Paper Boy is disinterested.,"Alfred Paper Boy, Darius",no,Yeah...maybe.,Alfred Paper Boy,indoor,Alfred Paper Boy's house,Alfred's Mood
20537,821.48,Darius's phone makes a noise and he turns to check it.  Alfred Paper Boy does not move.,,"Alfred Paper Boy, Darius",no,Oh,Darius,indoor,Alfred Paper Boy's house,Alfred's Mood
20611,824.44,Darius gets Alfred Paper Boy's attention.,,"Alfred Paper Boy, Darius",no,"Hey, bruh.",Darius,indoor,Alfred Paper Boy's house,Alfred's Mood
20649,825.96,Darius says that he has Google Alerts set to give him news about Alfred Paper Boy. Alfred Paper Boy looks at his watch.,Alfred Paper Boy is bored and disinterested.,"Alfred Paper Boy, Darius",no,"I got Google Alerts set up on you, and it look like",Darius,indoor,Alfred Paper Boy's house,Alfred's Mood
20712,828.48,Darius starts reading one of the headlines. Alfred Paper Boy stands up and from the table and starts to walk away.,Alfred Paper Boy is moody and disinterested.,"Alfred Paper Boy, Darius",no,"the Vibe wrote one. It says, Is Paper Boy",Darius,indoor,Alfred Paper Boy's house,Alfred's Mood
20812,832.48,Darius looks at his phone and reads the headline comparing Alfred Paper Boy to Tupac Shakur. Alfred Paper Boy walks out of the house.,,"Darius, Alfred Paper Boy",no,Atlanta's Tupac?,Darius,indoor,Alfred Paper Boy's house,Alfred's Mood
20872,834.88,Darius pauses as he reads the article. The door shuts behind Alfred Paper Boy,,Darius,no,,,indoor,Alfred Paper Boy's house,Alfred's Mood
20912,836.48,Darius says the article said no. Alfred Paper Boy is no longer in the house.,,Darius,no,They say no.,Darius,indoor,Alfred Paper Boy's house,Alfred's Mood
20944,837.7600000000001,"Darius continues, reading a different article on his phone.",Darius is oblivious to the fact that Alfred Paper Boy left and is no longer listening.,Darius,no,But apparently John Boyega is the new Magic Johnson. Huh.,Darius,indoor,Alfred Paper Boy's house,Alfred's Mood
21112,844.48,"Alfred Paper Boy walks alone down a street, outside. A group of three men sit or stand on some steps and talk.",,Alfred Paper Boy,no,,,outdoor,Outside Decatur Apartments,Just Like Paper Boy
21251,850.0400000000002,Alfred Paper Boy walks casually down the sidewalk.,,Alfred Paper Boy,no,,,outdoor,Outside Decatur Apartments,Just Like Paper Boy
21359,854.36,"Suddenly Alfred Paper Boy notices something off screen. He stops, and can hear the sound of children playing with toy guns.",Alfred Paper Boy is troubled.,Alfred Paper Boy,no,,,outdoor,Outside Decatur Apartments,Just Like Paper Boy
21503,860.12,"Alfred stands and listens for a moment, and makes a face.",Alfred Paper Boy is bothered by the children playing the toy guns.,Alfred Paper Boy,no,,,outdoor,Outside Decatur Apartments,Just Like Paper Boy
21560,862.4000000000002,Alfred Paper Boy narrows his eyes and decides to walk over and approach the children.,Alfred Paper Boy is bothered by the children playing with toy guns.,Alfred Paper Boy,no,,,outdoor,Outside Decatur Apartments,Just Like Paper Boy
21712,868.48,"Asia, a young black girl, runs up the steps. Children shout and toy guns are making noises.",,Asia,no,,,outdoor,Outside Decatur Apartments,Just Like Paper Boy
21794,871.7600000000001,"Asia runs, chased by a young black boy, Demarrio, wearing a hat and holding a toy gun and pretending to shoot her. Asia pretends to be shot and falls to the ground.",,"Asia, Demarrio",no,,,outdoor,Outside Decatur Apartments,Just Like Paper Boy
21885,875.4000000000002,Demarrio lowers the toy gun and compares himself to Paper Boy.,,"Demarrio, Asia",no,"Just like Paper Boy, girl!",Demarrio,outdoor,Outside Decatur Apartments,Just Like Paper Boy
21937,877.48,"Another young black boy, Chris, walks up to Demarrio and asks for the toy gun.",,Chris,no,"Let me see it, Demarrio!",Chris,outdoor,Outside Decatur Apartments,Just Like Paper Boy
21972,878.8800000000001,Demarrio turns and points the toy gun at Chris. He tells him to back up or he will shoot.,,"Demarrio, Chris, Asia",no,"Back up or I smoke you, man.",Demarrio,outdoor,Outside Decatur Apartments,Just Like Paper Boy
22038,881.5200000000002,"Crystal, a black woman who is Demarrio's mother, notices the children playing with the toy gun and walks toward Demarrio, speaking sternly.",Crystal is angry with the children for playing with the toy gun.,"Demarrio, Chris, Crystal",no,Boy! What is your problem?,Crystal,outdoor,Outside Decatur Apartments,Just Like Paper Boy
22133,885.32,Crystal grabs Demarrio firmly by the collar and pulls the gun out of his hand. She scolds him for playing with the toy gun. Asia stands up.,Crystal is angry with the children for playing with the toy gun.,"Crystal, Demarrio, Chris, Asia",no,Didn't I tell you that we do not play with guns in this house?,Crystal,outdoor,Outside Decatur Apartments,Just Like Paper Boy
22219,888.7600000000001,"Crystal holds Demarrio by the collar, holds up the toy gun, and asks where he got it.",Crystal is angry with the children for playing with the toy gun.,"Crystal, Demarrio, Chris, Asia",no,Where you get this from?,Crystal,outdoor,Outside Decatur Apartments,Just Like Paper Boy
22250,890.0,"Demarrio says he got the gun from his friend, Alex.  Chris and Asia walk up to them.",,"Demarrio, Crystal, Chris",no,"My friend, Alex.",Demarrio,outdoor,Outside Decatur Apartments,Just Like Paper Boy
22296,891.84,Crystal sternly tells Demarrio not to play with toy guns again.,Crystal is angry.,"Demarrio, Crystal, Chris",no,"I better not catch you playing with no toy guns again, boy.",Crystal,outdoor,Outside Decatur Apartments,Just Like Paper Boy
22348,893.9200000000002,Asia adds that Demarrio was pretending to be Paper Boy,"Asia speaks smugly, and seems eager to get Demarrio in trouble.","Crystal, Demarrio, Asia, Chris",no,He was playing like he was Paper Boy.,Asia,outdoor,Outside Decatur Apartments,Just Like Paper Boy
22398,895.9200000000002,Crystal turns to Asia and responds.,Crystal is angry with the children for playing with the toy gun.,"Crystal, Demarrio, Asia, Chris",no,I don't care,Crystal,outdoor,Outside Decatur Apartments,Just Like Paper Boy
22416,896.6400000000001,"Crystal sternly tells Asia that playing like that is not okay. Demarrio turns away, rolling his eyes.",Crystal is angry with the children for playing with the toy gun. She likely wants to keep them from away from the violence in Atlanta.,"Demarrio, Crystal, Chris",no,"Asia, we don't play like that.",Crystal,outdoor,Outside Decatur Apartments,Just Like Paper Boy
22450,898.0,"Crystal looks at Demarrio, and turns to lead the children away.",Crystal is angry with the children for playing with the toy gun.,"Crystal, Demarrio, Chris",no,Come on.,Crystal,outdoor,Outside Decatur Apartments,Just Like Paper Boy
22503,900.12,Alfred Paper Boy runs up from behind them and yells to get their attention.,,"Alfred Paper Boy, Crystal, Demarrio, Chris, Asia",no,Hey! Hey!,Alfred Paper Boy,outdoor,Outside Decatur Apartments,Just Like Paper Boy
22556,902.24,Crystal and the children stop and turn around. Alfred Paper Boy says he saw what happened and came over.,,"Alfred Paper Boy, Crystal, Demarrio, Asia, Chris",no,"Hey, I just wanted to come over cause I just saw that, and I wanted to tell y'all,",Alfred Paper Boy,outdoor,Outside Decatur Apartments,Just Like Paper Boy
22661,906.44,Alfred Paper Boy tells the children that violence is not cool.,Alfred Paper Boy is trying to be a good influence.,"Alfred Paper Boy, Crystal, Demarrio, Asia, Chris",no,"You know, shooting people? That isn't cool.",Alfred Paper Boy,outdoor,Outside Decatur Apartments,Just Like Paper Boy
22743,909.72,Crystal pauses for a second and then responds.,Crystal is offended that a random man is trying to parent for her.,"Alfred Paper Boy, Crystal, Demarrio, Asia, Chris",no,"Yeah, I know.",Crystal,outdoor,Outside Decatur Apartments,Just Like Paper Boy
22800,912.0,"Crystal asks who Alfred Paper Boy is, and why he is talking to them.","Crystal is annoyed, guarded and standoffish.","Crystal, Demarrio, Chris, Asia",no,"Who are you, and why are you speaking to me and my children?",Crystal,outdoor,Outside Decatur Apartments,Just Like Paper Boy
22888,915.52,Alfred Paper Boy responds slowly.,Alfred Paper Boy realizes he may have offended Crystal,Alfred Paper Boy,no,"Oh, no",Alfred Paper Boy,outdoor,Outside Decatur Apartments,Just Like Paper Boy
22958,918.32,Alfred Paper Boy apologizes for intruding.,Alfred Paper Boy realizes he may have offended Crystal,Alfred Paper Boy,no,I...I didn't mean to just get in your business.,Alfred Paper Boy,outdoor,Outside Decatur Apartments,Just Like Paper Boy
23033,921.32,Crystal responds,Crystal is offended.,"Crystal, Demarrio, Chris, Asia",no,"Yeah, but you did.",Crystal,outdoor,Outside Decatur Apartments,Just Like Paper Boy
23089,923.56,Alfred Paper Boy explains that he feels at fault because he is Paper Boy.,"Alfred Paper Boy is awkward, but trying to be a good influence. He feels guilty for being a role model for violence.",Alfred Paper Boy,no,"Look, I may be to blame cause...you know, I'm actually Paper Boy.",Alfred Paper Boy,outdoor,Outside Decatur Apartments,Just Like Paper Boy
23188,927.52,Crystal does not recognize him and asks who he is. The children stare.,Crystal is annoyed. Asia looks angry. Demarrio and Chris look skeptical.,"Crystal, Demarrio, Chris, Asia",no,Who?,Crystal,outdoor,Outside Decatur Apartments,Just Like Paper Boy
23244,929.76,Alfred Paper Boy repeats his name.,Alfred Paper Boy is surprised they do not recognize him.,Alfred Paper Boy,no,Paper Boy?,Alfred Paper Boy,outdoor,Outside Decatur Apartments,Just Like Paper Boy
23271,930.84,Alfred Paper Boy pauses for a long moment. He clarifies that he is the rapper the children referenced.,Alfred Paper Boy is surprised they do not recognize him.,Alfred Paper Boy,no,The rapper that your child was imitating?,Alfred Paper Boy,outdoor,Outside Decatur Apartments,Just Like Paper Boy
23359,934.36,Demarrio points at Alfred Paper Boy and says he is not Paper Boy,Demarrio does not believe Alfred Paper Boy,"Demarrio, Chris, Crystal, Asia",no,"You ain't Paper Boy, man!",Demarrio,outdoor,Outside Decatur Apartments,Just Like Paper Boy
23407,936.28,"Alfred Paper Boy starts to respond and curse at Demarrio, but catches himself. He pauses and repeats his name.",Alfred Paper Boy is momentarily angry,Alfred Paper Boy,no,"Yeah, I am, you little...Paper Boy?",Alfred Paper Boy,outdoor,Outside Decatur Apartments,Just Like Paper Boy
23513,940.52,"Alfred Paper Boy starts rapping his song, hoping they will recognize him.",,"Alfred Paper Boy, Crystal, Demarrio, Asia, Chris",no,"Paper Boy, Paper Boy, all about that paper, boy.",Alfred Paper Boy,outdoor,Outside Decatur Apartments,Just Like Paper Boy
23637,945.48,Demarrio points at Alfred Paper Boy and opens his mouth.,Demarrio recognizes Alfred Paper Boy,"Alfred Paper Boy, Crystal, Demarrio, Asia, Chris",no,,,outdoor,Outside Decatur Apartments,Just Like Paper Boy
23681,947.24,Crystal realizes she heard Alfred Paper Boy's song on the radio. Demarrio gestures and points.,Crystal recognizes Alfred paper Boy.,"Alfred Paper Boy, Crystal, Demarrio, Asia, Chris",no,Wait a second. I heard that today in the car.,Crystal,outdoor,Outside Decatur Apartments,Just Like Paper Boy
23792,951.68,"Crystal takes a step toward Alfred Paper Boy and says her girlfriend mentioned him. Demarrio and Chris point, open-mouthed, at Alfred Paper Boy.",Crystal's attitude suddenly changes. She becomes interested in Alfred Paper Boy. The children are excited.,"Crystal, Demarrio, Chris, Asia",no,I think my girlfriend was talking,Crystal,outdoor,Outside Decatur Apartments,Just Like Paper Boy
23889,955.56,Alfred Paper Boy raises a hand in greeting.,,Alfred Paper Boy,no,"about you! ""Yeah""","Crystal, Alfred Paper Boy",outdoor,Outside Decatur Apartments,Just Like Paper Boy
23929,957.16,Crystal hands the toy gun back to Demarrio and tells him to get her phone from her purse.,Crystal is more interested in meeting a famous rapper than the lesson he was trying to teach her children.,"Crystal, Asia, Chris, Demarrio",no,"Go get my phone out my purse, boy, go!",Crystal,outdoor,Outside Decatur Apartments,Just Like Paper Boy
23990,959.6,"Demarrio runs off. Crystal smiles, laughs, fixes her hair, and takes a step toward Alfred Paper Boy. Chris and Asia watch.",Crystal is flirting with Alfred Paper Boy,"Crystal, Asia, Chris, Demarrio",no,"Oh my goodness, that's crazy!",Crystal,outdoor,Outside Decatur Apartments,Just Like Paper Boy
24119,964.76,Alfred Paper Boy raises his eyes and leans away from Crystal. Crystal asks why he is in the neighborhood.,Alfred Paper Boy is surprised at Crystal's sudden change in demeanor. Crystal is flirting with Alfred Paper Boy,Alfred Paper Boy,no,What're you doing here?,Crystal,outdoor,Outside Decatur Apartments,Just Like Paper Boy
24174,966.96,Alfred Paper Boy responds that he lives nearby.,Alfred Paper Boy feels awkward.,Alfred Paper Boy,no,"I, uh, no, I'm from around the way, so... Look, I",Alfred Paper Boy,outdoor,Outside Decatur Apartments,Just Like Paper Boy
24269,970.76,Alfred Paper Boy apologizes for intruding. Crystal grins and stares at him.,Alfred Paper Boy tries to end the conversation. Crystal continues flirting with him.,"Crystal, Asia, Chris",no,didn't mean to get in your business.,Alfred Paper Boy,outdoor,Outside Decatur Apartments,Just Like Paper Boy
24293,971.72,"Asia points her finger at Alfred Paper Boy, and says he shot someone. Crystal grins and sways her shoulders.",Crystal continues flirting with Alfred Paper Boy,"Crystal, Asia, Chris",no,You shot somebody.,Asia,outdoor,Outside Decatur Apartments,Just Like Paper Boy
24329,973.16,Crystal cuts Asia off and tells her to be quiet.,,"Crystal, Asia, Chris",no,"Quiet, girl.",Crystal,outdoor,Outside Decatur Apartments,Just Like Paper Boy
24350,974.0,Alfred Paper Boy glares silently at Asia. Crystal says her mother will be there soon.,Alfred Paper Boy is angry and uncomfortable. He also does not like how Crystal seems to no longer care about discouraging violence in the children.,Alfred Paper Boy,no,"You mama will be here soon, don't start now.",Crystal,outdoor,Outside Decatur Apartments,Just Like Paper Boy
24422,976.88,"Crystal tells Alfred Paper Boy that only Demarrio is her son, Asia and Chris are her sister's.","Crystal is dismissive of the children, and tries to downplay them while flirting with Alfred Paper Boy","Crystal, Asia, Chris",no,"Only, uh, Demarrio my son. This just my niece and nephew.",Crystal,outdoor,Outside Decatur Apartments,Just Like Paper Boy
24528,981.12,Crystal instructs Asia and Chris to greet Alfred Paper Boy,,"Crystal, Asia, Chris",no,"Say hey, y'all, hey.",Crystal,outdoor,Outside Decatur Apartments,Just Like Paper Boy
24558,982.32,Asia and Chris wave and greet Alfred Paper Boy,,"Crystal, Asia, Chris",no,Hey.,"Asia, Chris",outdoor,Outside Decatur Apartments,Just Like Paper Boy
24577,983.08,Alfred Paper Boy waves and greets the children.,Alfred Paper Boy feels awkward.,Alfred Paper Boy,no,"Hey, guys.",Alfred Paper Boy,outdoor,Outside Decatur Apartments,Just Like Paper Boy
24629,985.16,Crystal takes her phone from Demarrio and asks Alfred Paper Boy for a picture. She calls him a rap star and moves her hips suggestively. Demarrio holds the toy gun.,Crystal continues flirting with Alfred Paper Boy.,"Crystal, Alfred Paper Boy, Demarrio, Chris",no,"Well, um, let me get a picture with you, mister rap star.",Crystal,outdoor,Outside Decatur Apartments,Just Like Paper Boy
24730,989.2,Crystal laughs. Alfred Paper Boy responds.,Alfred Paper Boy feels uncomfortable.,"Crystal, Alfred Paper Boy, Demarrio, Chris",no,"Uh, oh.",Alfred Paper Boy,outdoor,Outside Decatur Apartments,Just Like Paper Boy
24755,990.2,Crystal says she is going to send the picture to her friend.,,"Crystal, Alfred Paper Boy, Demarrio, Chris",no,"Imma send it to my girl, Ebony.",Crystal,outdoor,Outside Decatur Apartments,Just Like Paper Boy
24790,991.6,Crystal walks over to Alfred Paper Boy to take a picture. She calls the children to come with her.,Alfred Paper Boy is uncomfortable.,"Crystal, Alfred Paper Boy, Demarrio, Chris, Asia",no,"Come on, y'all, come get in this pic, come on. ""Uh, alright, okay.""","Crystal, Alfred Paper Boy",outdoor,Outside Decatur Apartments,Just Like Paper Boy
24851,994.04,Crystal and the children gather around Alfred Paper Boy. Alfred Paper Boy puts his arms around them.,Alfred Paper Boy feels awkward.,"Alfred Paper Boy, Crystal, Demarrio, Chris, Asia",no,"Oh, so, family portrait, okay.",Alfred Paper Boy,outdoor,Outside Decatur Apartments,Just Like Paper Boy
24896,995.84,Crystal raises her phone to take a picture and tells everyone to smile. Demarrio points the toy gun at the camera. Alfred Paper Boy looks at him and awkwardly puts his arm around them all.,Alfred Paper Boy is unhappy how Crystal stopped caring about the children playing with guns and glorifying violence.,"Alfred Paper Boy, Crystal, Demarrio, Asia",no,Y'all smile now.,Crystal,outdoor,Outside Decatur Apartments,Just Like Paper Boy
24943,997.72,From the camera's perspective: Crystal holds up her phone to take a picture and smiles. Alfred Paper Boy holds his chain and smiles. Demarrio points the toy gun at the camera. Chris and Asia hold their fingers up at the camera.,Alfred Paper Boy is awkward.,"Alfred Paper Boy, Crystal, Demarrio, Asia, Chris",no,,,outdoor,Outside Decatur Apartments,Just Like Paper Boy
25012,1000.48,Crystal takes the picture and tells the children to get out so she can take one alone with Alfred Paper Boy. She gives Demarrio her phone.,"Crystal talks quickly, and is mostly interested in a picture alone with Alfred Paper Boy","Crystal, Alfred Paper Boy, Demarrio, Asia, Chris",no,"Alright move, let me get a picture with mama, so take this, Demarrio.",Crystal,outdoor,Outside Decatur Apartments,Just Like Paper Boy
25080,1003.2,"Crystal turns to Alfred Paper Boy, grins, touches him, and asks to put her hand on his chest.",Crystal is flirting with Alfred Paper Boy again.,"Crystal, Alfred Paper Boy, Demarrio, Chris, Asia",no,"Let me put my head on your chest, okay?",Crystal,outdoor,Outside Decatur Apartments,Just Like Paper Boy
25116,1004.64,Alfred Paper Boy responds.,Alfred Paper Boy feels awkward.,"Alfred Paper Boy, Crystal, Demarrio, Chris, Asia",no,"Oh, okay.",Alfred Paper Boy,outdoor,Outside Decatur Apartments,Just Like Paper Boy
25143,1005.72,"Crystal crabs Alfred Paper Boy's chest, hugs him tightly, and tells Demarrio to take the picture quickly.",Alfred Paper Boy stands uncomfortably.,"Alfred Paper Boy, Crystal, Demarrio, Chris, Asia",no,"Take it, Demarrio, hurry up!",Crystal,outdoor,Outside Decatur Apartments,Just Like Paper Boy
25174,1006.96,"Demarrio turns around, raises Crystal's phone, and takes a pictures. Crystal grabs Alfred Paper Boy tightly. Alfred Paper Boy extends his arms and makes a face.",Alfred Paper Boy is uncomfortable.,"Alfred Paper Boy, Crystal, Demarrio, Chris, Asia",no,,,outdoor,Outside Decatur Apartments,Just Like Paper Boy
25210,1008.4,"A small television in the corner of the jail waiting room has a piece of paper over it, with the word BROKEN written on it.",,,no,,,indoor,Jail waiting room,Black Masculinity and Transphobia
25270,1010.8,"Johnny, a young, black inmate, tells someone off screen he has not seen them for a long time. He smiles.",Johnny is happy and flirtatious,Johnny,no,I haven't seen you in forever.,Johnny,indoor,Jail waiting room,Black Masculinity and Transphobia
25325,1013.0,"Lisa, a transgender woman, smiles back at Johnny. Johnny asks if Lisa remembers.",Lisa is clearly transgender but Johnny does not seem to know.,Lisa,no,You remember O' twelve?,Johnny,indoor,Jail waiting room,Black Masculinity and Transphobia
25390,1015.6,Johnny remembers Lisa's old hair color.,Johnny is flirting with Lisa,Johnny,no,Your hair was brown.,Johnny,indoor,Jail waiting room,Black Masculinity and Transphobia
25425,1017.0,Lisa responds that she was different back then.,,Lisa,no,"Oh, I remember. Honey, I was in a completely different",Lisa,indoor,Jail waiting room,Black Masculinity and Transphobia
25510,1020.4,Lisa continues. Johnny smiles.,,Johnny,no,space back then.,Lisa,indoor,Jail waiting room,Black Masculinity and Transphobia
25535,1021.4,Johnny says he likes Lisa's current hair.,Johnny is flirting with Lisa and does not seem to realize she is transgender.,Johnny,no,"Nah, nah, it's nice, now. I like it.",Johnny,indoor,Jail waiting room,Black Masculinity and Transphobia
25577,1023.08,Johnny talks about Lisa's changing hair. The camera pans to show Earn sitting between Johnny and Lisa.,Earn is uncomfortable and annoyed.,"Johnny, Earn",no,You always did like to switch it up.,Johnny,indoor,Jail waiting room,Black Masculinity and Transphobia
25644,1025.76,Earn offers to move.,Earn is uncomfortable and annoyed at the flirting across him.,"Johnny, Earn",no,I can move if you want,Earn,indoor,Jail waiting room,Black Masculinity and Transphobia
25700,1028.0,"Johnny looks at Earn, pauses, and responds. Johnny and Earn stare at each other for a second.",Johnny is annoyed with Earn for interrupting.,"Johnny, Earn",no,"Yeah, I know.",Johnny,indoor,Jail waiting room,Black Masculinity and Transphobia
25769,1030.76,Johnny turns back to Lisa and says he was wild when the last met. He laughs.,"Johnny flirts with Lisa, ignoring Earn","Johnny, Earn",no,"Yeah, I was wilding back then.",Johnny,indoor,Jail waiting room,Black Masculinity and Transphobia
25865,1034.599999999,Johnny asks if Lisa remembers a mutual friend. Earn sits between the two with his eyes closed.,"Earn is tired, uncomfortable, and frustrated.","Johnny, Earn, Lisa",no,"You, you remember Larry?",Johnny,indoor,Jail waiting room,Black Masculinity and Transphobia
25894,1035.76,"Lisa does not remember. Earn sits between the two, eyes closed.","Earn is tired, uncomfortable, and frustrated.","Johnny, Earn, Lisa",no,"No, not Larry.",Lisa,indoor,Jail waiting room,Black Masculinity and Transphobia
25932,1037.28,"Johnny talks about Larry. Earn sits between the two, eyes closed.","Earn is tired, uncomfortable, and frustrated.","Johnny, Earn, Lisa",no,"Yeah, yeah, Larry. Used to come around with Kevin? He went to Southwest?",Johnny,indoor,Jail waiting room,Black Masculinity and Transphobia
26022,1040.88,"Lisa responds. Earn lowers his head, half asleep.","Earn is tired, uncomfortable, and frustrated.","Johnny, Earn, Lisa",no,"Hmm, I think so.",Lisa,indoor,Jail waiting room,Black Masculinity and Transphobia
26057,1042.28,"Lisa remembers Kevin, another friend.",,Lisa,no,"I remember Kevin, he was loud.",Lisa,indoor,Jail waiting room,Black Masculinity and Transphobia
26116,1044.64,Johnny talks about Larry.,,Lisa,no,Larry came with us to the,Johnny,indoor,Jail waiting room,Black Masculinity and Transphobia
26141,1045.64,Johnny talks about going to movies with Lisa and smiles.,,Johnny,no,movies that time. I know you remember the movies.,Johnny,indoor,Jail waiting room,Black Masculinity and Transphobia
26200,1048.0,Johnny talks about the movies with Lisa. Earn dozes.,Lisa is bashful.,"Lisa, Earn",no,We used to get freaky in there all the time! Remember that?,Johnny,indoor,Jail waiting room,Black Masculinity and Transphobia
26248,1049.92,Lisa tells Johnny to be quiet. Earn is asleep.,Lisa is bashful.,"Lisa, Earn",no,Quiet!,Lisa,indoor,Jail waiting room,Black Masculinity and Transphobia
26282,1051.28,Johnny responds. Earn wakes up.,,"Lisa, Earn",no,"Oh don't act, girl!",Johnny,indoor,Jail waiting room,Black Masculinity and Transphobia
26306,1052.24,Johnny talks about having sex with Lisa and asks where she lives. Earn signs and looks at the ceiling.,Johnny flirts with Lisa. Earn is uncomfortable and annoyed.,"Johnny, Earn",no,"You know we used to get it in. Hey, where you stay at, now?",Johnny,indoor,Jail waiting room,Black Masculinity and Transphobia
26394,1055.76,Lisa does not answer. Earn looks around the room. Johnny looks at Earn.,Earn is uncomfortable and annoyed. Johnny is angry with Earn.,"Johnny, Earn, Lisa",no,,,indoor,Jail waiting room,Black Masculinity and Transphobia
26468,1058.72,Johnny yells at Earn.,Johnny is angry with Earn.,"Johnny, Earn",no,"Hey, man, what's your problem, man?",Johnny,indoor,Jail waiting room,Black Masculinity and Transphobia
26505,1060.2,Earn stammers in response.,Earn is awkward.,"Johnny, Earn",no,"Nah, I'm, no problem.",Earn,indoor,Jail waiting room,Black Masculinity and Transphobia
26537,1061.48,Earn offers to move again.,,"Earn, Johnny",no,"I can move, if you want.",Earn,indoor,Jail waiting room,Black Masculinity and Transphobia
26577,1063.0799999990002,Johnny yells at Earn.,Johnny is angry with Earn.,Johnny,no,"I didn't ask you to move, nigga! I, I'm trying to talk to",Johnny,indoor,Jail waiting room,Black Masculinity and Transphobia
26618,1064.72,"Lisa looks at Johnny, then looks away.",Lisa is uncomfortable. Earn looks down.,"Lisa, Earn",no,"my girl, you acting all weird and shit!",Johnny,indoor,Jail waiting room,Black Masculinity and Transphobia
26664,1066.5600000000004,"Rico, another young, black inmate wearing an orange jersey, pipes up from across the room. Buck turns to look at him.",Rico is skeptical.,"Rico, Buck",no,Yo girl?,Rico,indoor,Jail waiting room,Black Masculinity and Transphobia
26690,1067.599999999,Johnny responds and introduces Lisa as his ex-girlfriend. Earn looks at them.,"Lisa is clearly transgender, but Johnny does not realize.","Johnny, Earn, Lisa",no,"Yeah, man. Yo, this is my ex, Lisa, man. We used to talk back after my mom",Johnny,indoor,Jail waiting room,Black Masculinity and Transphobia
26802,1072.0799999990002,Johnny introduces Lisa. Rico stares at them.,Rico can easily tell Lisa is transgender.,"Rico, Buck",no,"kicked me out the house, you know.",Johnny,indoor,Jail waiting room,Black Masculinity and Transphobia
26833,1073.3199999990002,Rico says that Lisa a man.,Rico can easily tell that Lisa is transgender and is somewhat disgusted by Johnny's story.,"Rico, Buck",no,"My nigga, that's a man.",Rico,indoor,Jail waiting room,Black Masculinity and Transphobia
26869,1074.76,Johnny pauses for a moment and calls Lisa his ex-girlfriend again.,Johnny does not believe Lisa is transgender or a man.,"Johnny, Earn, Lisa, Buck, Grady, Rico, inmates",no,"What? Nah, man this is my ex.",Johnny,indoor,Jail waiting room,Black Masculinity and Transphobia
26949,1077.96,Lisa looks down and says nothing. Rico continues and points out she is sitting with the men.,Lisa is uncomfortable and upset.,"Lisa, Earn",no,Your ex-girlfriend a man. Why you think she in jail with the,Rico,indoor,Jail waiting room,Black Masculinity and Transphobia
27043,1081.72,"Rico continues, and calls Johnny gay. Buck nods in agreement.",Rico is making fun of Johnny.,"Rico, Buck",no,"men? She'd be on the other side! Nigga, you gay.",Rico,indoor,Jail waiting room,Black Masculinity and Transphobia
27110,1084.4,Johnny pauses for a moment and starts to deny it. Earn sighs.,,"Johnny, Earn",no,"Nah, man, she...",Johnny,indoor,Jail waiting room,Black Masculinity and Transphobia
27183,1087.3199999990002,"Johnny cuts himself off, turns, and looks at Lisa, up and down.  Earn sits silently.","Johnny is starting to believe Lisa may be transgender (""a man""). Earn feels awkward.","Johnny, Earn",no,,,indoor,Jail waiting room,Black Masculinity and Transphobia
27239,1089.5600000000004,"Lisa looks at Johnny, smiles slightly, and says nothing. Earn looks down.",Lisa silently confirms she is transgender. Earn is uncomfortable.,"Lisa, Earn",no,,,indoor,Jail waiting room,Black Masculinity and Transphobia
27308,1092.3199999990002,"Johnny says nothing for a long moment, then quietly laughs and denies it.","Johnny awkwardly starts to realize Lisa is transgender (""a man"").","Johnny, Earn",no,"Nah, man...",Johnny,indoor,Jail waiting room,Black Masculinity and Transphobia
27432,1097.28,"Johnny turns to Earn and yells at him, asking if he thinks he is gay.",Johnny is embarrassed and angry.,"Johnny, Earn, Lisa",no,So you think I'm gay?,Johnny,indoor,Jail waiting room,Black Masculinity and Transphobia
27480,1099.2,Earn pauses and slowly responds.,Earn is uncomfortable being put on the spot like that.,"Johnny, Earn, Lisa",no,"Nah, no, I...",Earn,indoor,Jail waiting room,Black Masculinity and Transphobia
27541,1101.64,An inmate off screen shouts that Johnny is gay.,,"Johnny, Earn, Lisa, Buck, Grady, Rico, Inmates",no,This nigga gay as hell!,Inmate,indoor,Jail waiting room,Black Masculinity and Transphobia
27574,1102.96,The inmates snicker and laugh. Johnny yells.,Johnny is angry and embarrassed.,"Johnny, Earn, Lisa, Buck, Grady, Rico, Inmates",no,Shut the hell up!,Johnny,indoor,Jail waiting room,Black Masculinity and Transphobia
27620,1104.8000000000004,Johnny yells at the crows of inmates.,Johnny is angry and embarrassed.,Johnny,no,Y'all niggas is trippin!,Johnny,indoor,Jail waiting room,Black Masculinity and Transphobia
27652,1106.0800000000004,More inmates look at Johnny and laugh. Johnny yells.,Johnny is angry and embarrassed.,Inmates,no,I ain't gay!,Johnny,indoor,Jail waiting room,Black Masculinity and Transphobia
27696,1107.84,Johnny argues that people in jail have sex with other men.,Johnny is angry and embarrassed.,Johnny,no,"Y'all niggas, niggas fuck guys up in here anyway.",Johnny,indoor,Jail waiting room,Black Masculinity and Transphobia
27745,1109.8000000000004,"Buck turns around, laughs, and responds that having sex with men is only gay outside of prison.",,"Buck, Rico",no,"Nah, that, that ain't gay, that's just jail. You was on the outside fucking booty holes!",Buck,indoor,Jail waiting room,Black Masculinity and Transphobia
27883,1115.3200000000004,Johnny sits silently and starts to tear up as the other inmates laugh at him. Earn sits silently next to him.,"Johnny is hurt and embarrassed that he did not realize Lisa is transgender (""a man"").","Johnny, Earn",no,,,indoor,Jail waiting room,Black Masculinity and Transphobia
27973,1118.92,Johnny turns and looks at Earn. Lisa sits silently.,Johnny is angry and embarrassed. Earn and Lisa are uncomfortable.,"Johnny, Earn, Lisa",no,,,indoor,Jail waiting room,Black Masculinity and Transphobia
28026,1121.04,"After a long pause, Earn responds that sexuality is a spectrum.",Earn is uncomfortable and tries to diffuse the tension and calm Johnny down by giving a progressive answer.,"Johnny, Earn, Lisa",no,"Sexuality is a spectrum, you can really do",Earn,indoor,Jail waiting room,Black Masculinity and Transphobia
28090,1123.6,Earn continues. Other inmates laugh. Buck calls Johnny gay again.,Johnny's face turns angry.,"Johnny, Earn",no,"whatever you want. ""That boy gay as hell.""","Earn, Buck.",indoor,Jail waiting room,Black Masculinity and Transphobia
28158,1126.3200000000004,Johnny threatens to stab Buck upstairs in the cells.,"Johnny is so hurt and embarrassed, he threatens violence.","Johnny, Earn",no,Imma stab your old ass when we get upstairs to them cells.,Johnny,indoor,Jail waiting room,Black Masculinity and Transphobia
28221,1128.84,Buck falls silent and raises his hand slightly as an apology.,"None of the inmates, Buck included, wants to make violent enemies this early in jail.","Buck, Rico, Johnny",no,,,indoor,Jail waiting room,Black Masculinity and Transphobia
28254,1130.16,Earn tries to stand up. Johnny stands tells him to sit down. Earn sits back in his seat.,Earn wants to get away from the escalating situation.,"Earn, Johnny",no,"Nigga, sit down.",Johnny,indoor,Jail waiting room,Black Masculinity and Transphobia
28308,1132.3200000000004,Lisa reaches out to Johnny and tries to calm him down.,,"Johnny, Earn, Lisa",no,"Johnny, calm down.",Lisa,indoor,Jail waiting room,Black Masculinity and Transphobia
28339,1133.5600000000004,Johnny yells at the room. His lip starts quivering and there are tears in his eyes.,Johnny's pride is hurt. He is upset and lashing out.,Johnny,no,"Everyone can shut the fuck up, now!",Johnny,indoor,Jail waiting room,Black Masculinity and Transphobia
28417,1136.68,Johnny yells at the room and defends Lisa and himself. Everyone looks at him. His voice shakes and he is on the verge of crying.,Johnny is upset and embarrassed.,"Johnny, Earn, Lisa, Buck, Grady, Rico, Inmates",no,I know what y'all think she is,Johnny,indoor,Jail waiting room,Black Masculinity and Transphobia
28518,1140.72,Johnny continues yelling at the room.,Johnny is upset and embarrassed.,Johnny,no,"but I ain't on that faggot shit, man!",Johnny,indoor,Jail waiting room,Black Masculinity and Transphobia
28598,1143.92,Johnny turns to look at Earn,,Johnny,no,,,indoor,Jail waiting room,Black Masculinity and Transphobia
28635,1145.4,"Earn silently looks up at Johnny, then quickly back down and shakes his head.","Earn is uncomfortable and trying not to act weird, but struggling with how close he is to the situation.",Earn,no,,,indoor,Jail waiting room,Black Masculinity and Transphobia
28691,1147.64,Johnny leans down and again yells at Earn to stop being weird.,Johnny is angry with Earn.,Johnny,no,Stop being,Johnny,indoor,Jail waiting room,Black Masculinity and Transphobia
28727,1149.0800000000004,"Earn shakes his head and says he is not being weird, just sitting.","Earn is frustrated and trying not to be awkward, but failing.","Earn, Johnny",no,"weird, nigga! ""I'm, I'm not, I'm trying, nah, man, I'm just sitting here""","Johnny, Earn",indoor,Jail waiting room,Black Masculinity and Transphobia
28819,1152.76,Officer Jones cuts Earn off and tells the inmates to be quiet.,,"Earn, Johnny",no,"All y'all shut up, this ain't fun time.",Officer Jones,indoor,Jail waiting room,Black Masculinity and Transphobia
28859,1154.36,"Earn stops talking. Johnny sits back down in his chair. Earn, Johnny, and Lisa all sit silently for a long moment.","Earn, Johnny, and Lisa all feel awkward and uncomfortable.","Johnny, Earn, Lisa",no,,,indoor,Jail waiting room,Black Masculinity and Transphobia
29027,1161.0800000000004,Alfred Paper Boy returns from his walk and walks into his living room. He suddenly raises his hands.,,Alfred Paper Boy,no,,,indoor,Alfred Paper Boy's house,Getting Too Hot
29127,1165.0800000000004,"Darius sits on the couch, pointing a nerf gun at Alfred Paper Boy. He greets him.",,Darius,no,"Oh, what it do, man?",Darius,indoor,Alfred Paper Boy's house,Getting Too Hot
29162,1166.48,Darius lowers the nerf gun and asks where Alfred Paper Boy was.,,Darius,no,Where'd you go?,Darius,indoor,Alfred Paper Boy's house,Getting Too Hot
29207,1168.28,Alfred Paper Boy sits down on the arm of a couch and shrugs. Darius speaks.,,Alfred Paper Boy,no,I didn't even notice you left.,Darius,indoor,Alfred Paper Boy's house,Getting Too Hot
29254,1170.16,Alfred Paper Boy answers vaguely.,,Alfred Paper Boy,no,I just went out for a second.,Alfred Paper Boy,indoor,Alfred Paper Boy's house,Getting Too Hot
29298,1171.92,Alfred Paper Boy says he got a girl's number and falls backward on the couch.,Alfred Paper Boy frames his awkward encounter as a success.,Alfred Paper Boy,no,I did get this girl's number though.,Alfred Paper Boy,indoor,Alfred Paper Boy's house,Getting Too Hot
29370,1174.8000000000004,Darius laughs and puts the nerf gun down on the messy table.,,Darius,no,,,indoor,Alfred Paper Boy's house,Getting Too Hot
29408,1176.3200000000004,"Darius picks up a black hat from the table and puts it on his head, and responds.",Darius is trying to raise Alfred Paper Boy's spirits.,Darius,no,I know you did.,Darius,indoor,Alfred Paper Boy's house,Getting Too Hot
29449,1177.96,"Darius stands up with the hat on, walks over to Alfred Paper Boy, and continues talking.",Darius is trying to raise Alfred Paper Boy's spirits.,Darius,no,Cause you? You got that juice.,Darius,indoor,Alfred Paper Boy's house,Getting Too Hot
29539,1181.5600000000004,"Darius fist-bumps Alfred Paper Boy. Suddenly, they hear a knock at the door. Alfred Paper Boy looks toward it.",Alfred Paper Boy is feeling better about himself.,"Alfred Paper Boy, Darius",no,,,indoor,Alfred Paper Boy's house,Getting Too Hot
29623,1184.92,"Darius looks toward the door, then back at Alfred Paper Boy.",Darius looks surprised and worried.,Darius,no,,,indoor,Alfred Paper Boy's house,Getting Too Hot
29697,1187.88,"Alfred Paper Boy looks toward the door, then back at Darius.",Alfred Paper Boy also looks surprised and worried.,"Alfred Paper Boy, Darius",no,,,indoor,Alfred Paper Boy's house,Getting Too Hot
29769,1190.76,Darius walks over to the door to answer it. Alfred Paper Boy starts to get up from the couch.,Alfred Paper Boy and Darius are suspicious of the knock on the door.,"Alfred Paper Boy, Darius",no,,,indoor,Alfred Paper Boy's house,Getting Too Hot
29921,1196.84,Darius opens the door. A black man wearing a Batman mask and grey sweatshirt is standing outside. The man says nothing.,,Masked Man,no,,,indoor,Alfred Paper Boy's house,Getting Too Hot
30030,1201.2,The man removes his Batman mask and asks if it is Paper Boy's house. He looks through the doorway.,,Masked Man,no,Paper Boy live here?,Masked Man,indoor,Alfred Paper Boy's house,Getting Too Hot
30126,1205.04,Darius looks around for a moment then slowly answers.,Darius is confused and hesitant.,Darius,no,Yeah.,Darius,indoor,Alfred Paper Boy's house,Getting Too Hot
30211,1208.44,"the man with the Batman mask says nothing for a moment, then responds.",,Masked Man,no,Okay.,Masked Man,indoor,Alfred Paper Boy's house,Getting Too Hot
30292,1211.68,The mysterious man suddenly pulls the mask down over his face and runs away.,,"Masked Man, Darius",no,,,indoor,Alfred Paper Boy's house,Getting Too Hot
30384,1215.36,The masked man runs off across the street. Alfred Paper Boy slowly walks up to the door.,,"Masked Man, Darius, Alfred Paper Boy",no,,,indoor,Alfred Paper Boy's house,Getting Too Hot
30462,1218.48,Darius turns to Alfred Paper Boy and tells him he is too popular. Both watch the masked man run away.,"Darius is oblivious to the danger of the situation, and assumes the man was a fan.","Darius, Alfred Paper Boy, Masked Man",no,You too hot.,Darius,indoor,Alfred Paper Boy's house,Getting Too Hot
30552,1222.0800000000004,BLACK SCREEN 3,,,no,,,,,
30620,1224.8000000000004,"Earn sits in the jail waiting room, staring.",,Earn,no,,,indoor,Jail waiting room,Earn is Released
30652,1226.0800000000004,Officer Jones tells the inmates they are going upstairs.,"Earn is losing hope, having not been released from jail yet.",Earn,no,"Alright, let's go everybody. We're heading upstairs.",Officer Jones,indoor,Jail waiting room,Earn is Released
30711,1228.44,"Mike, who begged to go upstairs earlier, thanks Officer Jones. Earn does not react or move.","Earn is losing hope, having not been released from jail yet.",Earn,no,"Man, thank you!",Mike,indoor,Jail waiting room,Earn is Released
30756,1230.24,"Suddenly, the intercom buzzes and a voice calls out Earn's name.",,Earn,no,E. Marks!,Intercom,indoor,Jail waiting room,Earn is Released
30813,1232.52,Earn's eyes suddenly widen and he perks up.,Earn cannot believe he is finally being released.,Earn,no,,,indoor,Jail waiting room,Earn is Released
30865,1234.6,"Earn sits up, announces himself, and looks around.",Earn cannot believe he is finally being released.,"Earn, Buck, Grady, Inmates",no,I'm him.,Earn,indoor,Jail waiting room,Earn is Released
30968,1238.72,Earn stands up and staggers off. The other inmates remain sitting in their chairs.,Earn cannot believe he is finally being released.,"Earn, Buck, Grady, Inmates",no,,,indoor,Jail waiting room,Earn is Released
31104,1244.16,Earn walks out the front door as a female officer walks in past him. He walks toward a car parked in the parking lot.,,Earn,no,,,outdoor,Jail parking lot,Earn is Released
31216,1248.64,"Earn walks over to Van's car, past a man sitting on a bench, smoking a cigarette. Earn is holding his plastic bag of possessions.",,Earn,no,,,outdoor,Jail parking lot,Earn is Released
31292,1251.68,Van sits silently in the car while Earn walks up to the passenger door.,Van is angry and upset with Earn.,"Van, Earn",no,,,outdoor,Jail parking lot,Earn is Released
31389,1255.5600000000004,"Earn tries to open the car door, but it is locked. Van sits with her eyes closed.",,"Van, Earn",no,,,outdoor,Jail parking lot,Earn is Released
31437,1257.48,Earn taps on the window and points at the door lock. Van turns and looks at him.,Van is angry and upset with Earn.,"Earn, Van",no,,,outdoor,Jail parking lot,Earn is Released
31504,1260.16,Van silently unlocks the door and Earn opens it.,Van is angry and upset with Earn.,"Earn, Van",no,,,outdoor,Jail parking lot,Earn is Released
31611,1264.44,Earn gets in the car and closes the door. Van says nothing.,Van is upset and angry with Earn.,"Earn, Van",no,,,outdoor,Jail parking lot,Earn is Released
31708,1268.3200000000004,Earn thanks Van for posting his bail. Van says nothing.,Van is upset and angry with Earn. Earn is ashamed and embarrassed.,"Earn, Van",no,Thanks for bailing me out.,Earn,outdoor,Jail parking lot,Earn is Released
31754,1270.16,"Earn and Van's baby girl, Lottie, makes noises from the back seat., singing the Itsy Bitsy Spider. Earn turns around to look at her. Van purses her lips.",Van is upset and angry with Earn.,"Earn, Van",no,,,outdoor,Jail parking lot,Earn is Released
31850,1274.0,Earn greets Lottie. Lottie squirms in her car seat and makes noises.,,Lottie,no,"Hey, mama!",Earn,outdoor,Jail parking lot,Earn is Released
31967,1278.68,Van slowly turns to look at Earn.,Van is upset and angry with Earn.,"Van, Earn",no,,,outdoor,Jail parking lot,Earn is Released
32011,1280.44,"Earn turns to look at Van, quickly glances at Lottie, and says the child will not remember picking him up from jail.",Earn is trying to make light of the situation.,"Earn, Van",no,She won't remember this.,Earn,outdoor,Jail parking lot,Earn is Released
32079,1283.16,"Van says nothing. Earn continues, imitating Lottie.",Van is upset and angry with Earn. Earn is trying to make light of the situation.,"Earn, Van",no,"It'll be like, hey, remember that time we had to pick up Daddy",Earn,outdoor,Jail parking lot,Earn is Released
32210,1288.4,Van smirks slightly. Earn continues immitating Lottie.,"Van is upset and angry with Earn, but less so. Earn is trying to make light of the situation.","Van, Earn",no,"from jail? Me neither cause I'm a baby, and",Earn,outdoor,Jail parking lot,Earn is Released
32299,1291.96,Earn continues immitating Lottie.,Van is upset and angry with Earn. Earn is trying to make light of the situation.,"Earn, Van",no,I don't remember anything and my brain isn't developed.,Earn,outdoor,Jail parking lot,Earn is Released
32400,1296.0,Van cuts Earn off and he stops talking.,Van is angry and upset with Earn. Earn stops trying to get back in her good graces.,"Earn, Van",no,"Shut up now. ""Okay.""","Van, Earn",outdoor,Jail parking lot,Earn is Released
32441,1297.64,"Van starts the car. Earn stares straight ahead, silently.",Earn is ashamed and knows Van is unhappy with him.,"Earn, Van",no,,,outdoor,Jail parking lot,Earn is Released
32586,1303.44,Van's car pulls away from the jail. Music begins playing. A police officer walks by and looks at the car.,,,yes,,,outdoor,Jail parking lot,Earn is Released
32772,1310.88,BLACK SCREEN 4 (with music playing),,,yes,,,,,
