Frame,Onset time,Narrative details (external events),Narrative details (internal state),Characters on screen,Music presence,Speech,Character speaking,Indoor/outdoor,Setting,Scene name
0,0.0,Alfred Paper Boy is sitting in his car when a foot kicks off his side view mirror. Alfred Paper Boy turns and exclaims,Alfred Paper Boy is surprised and angry.,Alfred Paper Boy,no,What the?,Alfred Paper Boy,outdoor,convenience store parking lot,Parking lot confrontation
49,1.96,Alfred Paper Boy and Darius open the doors and get out of the car. A man and woman walk away from the car. Alfred Paper Boy yells after them.,Alfred Paper Boy is surprised and angry.,"Alfred Paper Boy, Darius, Man, Woman",no,Really man?! Hey man! Hey!,Alfred Paper Boy,outdoor,convenience store parking lot,Parking lot confrontation
125,5.0,Alfred Paper Boy steps out of the car. Earn yells his name.,Alfred Paper Boy is angry. Earn is concerned.,Alfred Paper Boy,no,Alfred!,Earn,outdoor,convenience store parking lot,Parking lot confrontation
143,5.720000000000001,"Alfred Paper Boy slams the car door and yells after the man and woman, asking for money for his broken mirror.",Alfred Paper Boy is angry.,"Alfred Paper Boy, Earn",no,"Hey man, I'm gonna need some cash for this mirror, man!""",Alfred Paper Boy,outdoor,Convenience store parking lot,Parking lot confrontation
195,7.800000000000001,"Earn, sitting in the car, calls after Alfred again.",Earn is worried.,Earn,no,Alfred!,Earn,outdoor,Convenience store parking lot,Parking lot confrontation
205,8.199999999000001,Alfred Paper Boy walks after the man and woman and confronts them,Alfred Paper Boy is angry,Alfred Paper Boy,no,Hey!,Alfred Paper Boy,outdoor,convenience store parking lot,Parking lot confrontation
247,9.88,Alfred Paper Boy calls out after the man and woman. Earn gets out of the car and runs after him.,,Earn,no,Hello? Hello?,Alfred Paper Boy,outdoor,convenience store parking lot,Parking lot confrontation
275,11.0,Earn runs after Alfred Paper Boy and tries to get his attention. Alfred Paper Boy yells at the man and woman.,Alfred Paper Boy is angry. Earn is trying to calm him down.,Earn,no,"Hey, hey ""Man I know you hear me""","Earn, Alfred Paper Boy",outdoor,Convenience store parking lot,Parking lot confrontation
296,11.84,"Alfred Paper Boy, Earn, and Darius catch up to the man and woman. Alfred Paper Boy shouts at the man and woman.",Alfred Paper Boy is angry.,"Alfred Paper Boy, Earn, Darius, Man, Woman",no,"talking to you man, I'm speaking English!",Alfred Paper Boy,outdoor,convenience store parking lot,Parking lot confrontation
331,13.24,Earn touches Alfred Paper Boy's chest and asks everyone to stay relaxed.,Earn is trying to calm everyone down and diffuse the situation.,"Alfred Paper Boy, Earn, Darius, Man, Woman",no,"Hey alright, cool it. Let's, let's, let's just keep it cool, okay guys?",Earn,outdoor,Convenience store parking lot,Parking lot confrontation
395,15.8,The man threatens Alfred Paper Boy.,The situation is escalating.,"Alfred Paper Boy, Earn, Darius, Man, Woman",no,"Nigga if you don't get out of my face...""",Man,outdoor,Convenience store parking lot,Parking lot confrontation
433,17.32,A voice in the background shouts.,,"Alfred Paper Boy, Earn, Darius, Man, Woman",no,Worldstar!,Background,outdoor,Convenience store parking lot,Parking lot confrontation
456,18.24,Earn tells the person who shouted to stop.,Earn is trying to diffuse the situation.,"Alfred Paper Boy, Earn, Man",no,No don't do that to us.,Earn,outdoor,convenience store parking lot,Parking lot confrontation
484,19.36,Alfred Paper Boy asks again for money for the broken mirror.,,"Alfred Paper Boy, Earn, Man",no,"No, no, no, no, no, I think I'm being more than fair, calmly asking for compensation, so let's go bruh.",Alfred Paper Boy,outdoor,Convenience store parking lot,Parking lot confrontation
580,23.200000000000003,The man refuses to give Alfred Paper Boy Money.,,"Man, Woman",no,"No, y'all staying broke tonight.",Man,outdoor,convenience store parking lot,Parking lot confrontation
613,24.520000000000003,Earn tries to reason with the man.,Earn tries to diffuse the situation.,"Man, Woman",no,"Look, you're trying to get into the club",Earn,outdoor,Convenience store parking lot,Parking lot confrontation
643,25.72,"Earn tries to reason with the man, pointing out that all of them are poor and nobody wants any trouble. Alfred Paper Boy looks at him.",Earn tries to diffuse the situation.,"Earn, Alfred Paper Boy, Man",no,"before ten forty-five, which means you're trying to get in before eleven, which means you are also broke. Nobody's stunting on anybody here.",Earn,outdoor,Convenience store parking lot,Parking lot confrontation
806,32.24,The woman speaks up.,The woman antagonizes Alfred Paper Boy and mocks Earn.,"Woman, Man",no,No one's stunting on anyone here.,Woman,outdoor,convenience store parking lot,Parking lot confrontation
841,33.64,Alfred Paper Boy tells the woman to shut up.,Alfred Paper Boy is rude and angry. Tensions rise.,"Alfred Paper Boy, Earn, Man",no,"Bitch, will you please shut the hell up?",Alfred Paper Boy,outdoor,convenience store parking lot,Parking lot confrontation
875,35.0,The woman yells at Alfred Paper Boy not to talk that way to her.,The woman is offended. Tensions rise.,"Woman, Man",no,Don't you talk to me like that!,Woman,outdoor,Convenience store parking lot,Parking lot confrontation
894,35.760000000000005,"Alfred Paper Boy defends himself and offers to settle any other problems, but demands money for his broken car mirror. The man yells at him.",The man is angry. Tensions rise.,"Alfred Paper Boy, Earn, Woman",no,"No I talk to whoever however I want, if you got a problem with it, we can settle it, but my car was not involved, man. ""Hold on, cuz!""","Alfred Paper Boy, Man",outdoor,Convenience store parking lot,Parking lot confrontation
1011,40.440000000000005,Darius interjects.,,"Alfred Paper Boy, Earn, Man",no,"Hold on, hold on, man",Darius,outdoor,Convenience store parking lot,Parking lot confrontation
1046,41.84,Darius says he is having déja vu and looks around for a dog with spots that look like Texas. Alfred Paper Boy and Earn turn and look at him.,,"Alfred Paper Boy, Earn, Darius",no,I'm getting crazy déja vu right now. Okay where's the dog with the Texas on him?,Darius,outdoor,convenience store parking lot,Parking lot confrontation
1162,46.48,"Darius looks around, finds the dog, and points him out.",Darius is experiencing déja vu.,"Darius, Alfred Paper Boy, Earn",no,There he is!,Darius,outdoor,Convenience store parking lot,Parking lot confrontation
1233,49.32,"Across the street, a dog sits in the grass. Darius comments.",Darius is surprised and confused.,Dog,no,"That's a trip, man.",Darius,outdoor,patch of grass,Parking lot confrontation
1279,51.16,Alfred Paper Boy and Earn look across the street at the dog. Earn looks at the man and woman.,Alfred Paper Boy and Earn are confused.,"Alfred Paper Boy, Earn",no,,,outdoor,convenience store parking lot,Parking lot confrontation
1320,52.8,The man and woman look across the street at the dog. The man asks what is wrong with Darius.,The man is confused.,"Man, Woman",no,"Yo, what's your man on?",Man,outdoor,Convenience store parking lot,Parking lot confrontation
1363,54.52,Alfred Paper Boy holds up the broken mirror and changes the subject back to it.,Alfred Paper Boy is frustrated and angry.,"Alfred Paper Boy, Earn, Man",no,"Yo, worry about this mirror, man.",Alfred Paper Boy,outdoor,Convenience store parking lot,Parking lot confrontation
1388,55.52,The woman recognizes Alfred Paper Boy and tells him to buy another mirror. The man glares.,The man and woman are angry.,"Woman, Man",no,Just get another mirror. You Paper Boy.,Woman,outdoor,Convenience store parking lot,Parking lot confrontation
1447,57.88,The woman says Alfred Paper Boy has money. Earn looks at Alfred Paper Boy,Earn is worried about Alfred Paper Boy being recognized.,Earn,no,"You rich, right?",Woman,outdoor,Convenience store parking lot,Parking lot confrontation
1470,58.8,The man exclaims. Earn looks at Alfred Paper Boy silently.,Earn is concerned about Alfred Paper Boy being recognized.,Earn,no,"Woah! Woah, woah, woah, woah",Man,outdoor,Convenience store parking lot,Parking lot confrontation
1503,60.120000000000005,The man asks if Alfred Paper Boy is Paper Boy.,The man is mockingly surprised.,"Man, Woman",no,"Woah, woah, woah. You Paper Boy?",Man,outdoor,Convenience store parking lot,Parking lot confrontation
1579,63.16,Alfred Paper Boy confirms that he is Paper Boy.,,"Alfred Paper Boy, Man, Earn",no,You know it.,Alfred Paper Boy,outdoor,Convenience store parking lot,Parking lot confrontation
1597,63.88,The man insults Alfred Paper Boy.,,"Man, Woman",no,"Boy, you so garbage, that",Man,outdoor,convenience store parking lot,Parking lot confrontation
1644,65.76,The man continues to insult Alfred Paper Boy and his music. Earn looks at Alfred Paper Boy.,Earn is worried about the situation escalating,Earn,no,"postal mixtape was garbage, what it",Man,outdoor,Convenience store parking lot,Parking lot confrontation
1693,67.72,The man insults and mocks Alfred Paper Boy and talks about one of his songs.,,"Man, Woman",no,"was, uh, uh, uh, Muckin'! What the hell is Muckin', Paper Boy?",Man,outdoor,Convenience store parking lot,Parking lot confrontation
1795,71.80000000000001,Alfred Paper Boy defends his music,Alfred Paper Boy gets angry,"Alfred Paper Boy, Earn",no,"Man, you know what it is. I explain in the hook, nigga.",Alfred Paper Boy,outdoor,convenience store parking lot,Parking lot confrontation
1844,73.76,Alfred Paper Boy pulls out a gun and points it at the man's chest.,,"Alfred Paper Boy, Earn Darius, Man, Woman",no,"Why we even talking, man, shit, what's going on, what's good?",Alfred Paper Boy,outdoor,convenience store parking lot,Parking lot confrontation
1921,76.84,The man glares at Alfred Paper Boy. Someone in the background shouts again.,The man is angry at Alfred Paper Boy.,"Man, Woman, Alfred Paper Boy",no,"This is definitely going to Worldstar! ""No it is not, stop it. Nigga, what are you doing?"" ""Nigga, what are you doing?""",Background,outdoor,convenience store parking lot,Parking lot confrontation
1959,78.36,"Alfred again tells the person who yelled to stop. He asks Alfred Paper Boy what he is doing, then pulls out and cocks a gun.",Earn gets worried and stops trying to calm them down.,"Earn, Alfred Paper Boy",no,"No it is not, stop it. Nigga, what are you doing?",Earn,outdoor,Convenience store parking lot,Parking lot confrontation
2042,81.68,Alfred Paper Boy asks Earn what he is doing.,Alfred Paper Boy is surprised Earn has a gun.,"Alfred Paper Boy, Man",no,"Nigga, what are you doing?",Alfred Paper Boy,outdoor,Convenience store parking lot,Parking lot confrontation
2075,83.0,The man pulls p his shirt to reveal a gun in his belt.,The situation escalates.,Man,no,"Okay, well what's up? Hmm?",Man,outdoor,convenience store parking lot,Parking lot confrontation
2119,84.76,Earn looks from Alfred Paper Boy to the man's gun.,Earn is worried about tensions escalating the situation to violence. He knows there is about to be trouble.,Earn,no,Yeah. I got my,Man,outdoor,Convenience store parking lot,Parking lot confrontation
2151,86.04,"The man points out friends nearby, pushes the woman back, and turns to Alfred Paper Boy",The situation escalates. The man taunts Alfred Paper Boy.,"Man, Woman, Alfred Paper Boy",no,"people waiting right over there. Watch out, baby.",Man,outdoor,Convenience store parking lot,Parking lot confrontation
2242,89.68,The man yells at Alfred Paper Boy and asks him what is up again.,The situation escalates. The man taunts Alfred Paper Boy.,"Alfred Paper Boy, Earn, Man",no,"What's up? Let's go, what's up?",Man,outdoor,Convenience store parking lot,Parking lot confrontation
2295,91.8,Alfred Paper Boy cocks the gun and points it at the man's chest. Earn looks at him.,Earn knows there is about to be trouble.,"Alfred Paper Boy, Earn, Man",no,,,outdoor,convenience store parking lot,Parking lot confrontation
2357,94.28,The man stares at Alfred Paper Boy.,The man and Alfred Paper Boy are trying to intimidate each other.,"Man, Woman, Alfred Paper Boy",no,,,outdoor,Convenience store parking lot,Parking lot confrontation
2389,95.56,Earn looks over and sees the dog across the street.,Earn is surprised to see the dog.,Earn,no,,,outdoor,convenience store parking lot,Parking lot confrontation
2428,97.12,The dog is still sitting in the grass across the street.,,Dog,no,,,outdoor,Patch of grass,Parking lot confrontation
2462,98.48,Earn stares at the dog across the street.,Earn is surprised and confused to see the dog. He gets déja vu as well.,Earn,no,Wait.,Earn,outdoor,Patch of grass,Parking lot confrontation
2488,99.52,Darius looks at the dog across the street.,Darius is confused and experiencing déja vu.,"Darius, Alfred Paper Boy, Earn",no,"This is so weird, man.",Darius,outdoor,Patch of grass,Parking lot confrontation
2559,102.36,A view from above of Alfred Paper Boy firing his gun. The screen goes black,,"Alfred Paper Boy, Earn, Darius, Man, Woman",no,,,outdoor,convenience store parking lot,Parking lot confrontation
2627,105.08,BLACK SCREEN 1,,,no,,,,,
2684,107.36,"Music fades in. Aerial view of houses, parks, and streets of Atlanta",,,yes,"Back at it, craftmatic, all I know is mathematics",OJ da Juiceman,outdoor,Atlanta,Title
2902,116.08,Aerial view of a cul de sac and surrounding houses,,,yes,"On the stove, cooking chicken, right wrist just did",OJ da Juiceman,outdoor,Atlanta,Title
2972,118.88,Aerial view of a road and the wreckage of an abandoned house,,,yes,"Gymnastics, acrobatic with the work. Like Houdini do the magic, Migo bring me",OJ da Juiceman,outdoor,Atlanta,Title
3111,124.44,Aerial view of a busy highway.,,,yes,"Kilos so I bust them squares up out the plastic, get in traffic",OJ da Juiceman,outdoor,Atlanta,Title
3204,128.16,Aerial view of a park and eating area with umbrellas.,,,yes,"'bout to traffic, known to make that shit happen",OJ da Juiceman,outdoor,Atlanta,Title
3272,130.88,Aerial view of a basketball court with some people playing on it.,,basketball players,yes,Gotta use the razor 'cause the chicken's in some turkey wrapping,OJ da Juiceman,outdoor,Atlanta,Title
3367,134.68,"Aerial view of a road and surrounding woods with the city of Atlanta in the background. ""ATLANTA"" appears in white block letters.",,,yes,"after fifteen years of trapping, now young Juice just started rapping, blowing '93 OG from Freddy that he",OJ da Juiceman,outdoor,Atlanta,Title
3529,141.16,A ceiling fan in Earn's bedroom rotates slowly. Music plays in the background.,,,yes,,,indoor,Bedroom,Earn's Dream
3598,143.92000000000002,Earn lays in his bed listening to music with headphones on,,Earn,yes,,,indoor,Bedroom,Earn's Dream
3675,147.0,"Suddenly, Van's arm hits Earn on the head while he is laying in bed listening to music.",,Earn,yes,,,indoor,Bedroom,Earn's Dream
3735,149.4,"Van, laying next to Earn, reaches over and pulls his headphones off.",Van is annoyed with Earn's music,"Earn, Van",yes,,,indoor,Bedroom,Earn's Dream
3824,152.96,"Van, laying next to Earn, reaches over and pulls his headphones off.  She asks him why he is awake so early.",Van is tired and annoyed with Earn's music,"Van, Earn",yes,"Oh my god, why are you up?",Van,indoor,Bedroom,Earn's Dream
3916,156.64,Earn pulls his headphones off and says he had a strange dream.,,"Earn, Van",no,I had a weird dream.,Earn,indoor,Bedroom,Earn's Dream
4024,160.96,Earn describes his dream of swimming in a pool like an ocean with seaweed like hands. Earn wiggles his fingers.,The dream is symbolic of Earn's dangerous immersion in street culture.,"Earn, Van",yes,"“I was swimming in this pool but it was like the ocean, and I was swimming with this seaweed, but it wasn't seaweed, it was... it was like hands.""",Earn,indoor,Bedroom,Earn's Dream
4240,169.60000000000002,Earn wiggles his fingers and describes a girl in his dream who told him to swim above the hands and avoid them or he would drown.,The dream is symbolic of Earn's dangerous immersion in street culture.,"Earn, Van",yes,"“And I was swimming with this girl. And she was saying if the hands grab you, they pull you down and drown you, so to swim above them.""",Earn,indoor,Bedroom,Earn's Dream
4460,178.4,Van responds to Earn's dream.,Van sarcastically responds to Earn's description of his dream,"Earn, Van",yes,"Hmm. That's deep. ""I know.""","Van, Earn",indoor,Bedroom,Earn's Dream
4519,180.76,Earn starts to interpret his dream as having a meaning about society.,,"Earn, Van",yes,I think it's about society,Earn,indoor,Bedroom,Earn's Dream
4560,182.4,Earn talks about his dream.,,"Van, Earn",yes,cause like all,Earn,indoor,Bedroom,Earn's Dream
4577,183.08,Van cuts Earn off and asks about the girl in his dream.,Van does not like that Earn dreamt about a girl and is more interested in the girl than the dream.,"Van, Earn",yes,"the hands are ""Who's the girl?""","Earn, Van",indoor,Bedroom,Earn's Dream
4600,184.0,Earn pauses and says he does not know who the girl in his dream was.,,"Van, Earn",yes,I don't know.,Earn,indoor,Bedroom,Earn's Dream
4663,186.52,Van asks what the girl from Earn's dream looked like.,Van is being possessive and is more interested in the girl than Earn's dream.,"Van, Earn",yes,What's she look like?,Van,indoor,Bedroom,Earn's Dream
4694,187.76,Earn downplays the girl in his dream.,Earn realizes Van is jealous that he dreamt about a girl and tries to make her sound unappealing.,"Earn, Van",yes,She was fat. And not interesting.,Earn,indoor,Bedroom,Earn's Dream
4808,192.32,Van rolls her eyes and responds.,Van does not believe Earn.,"Van, Earn",yes,Okay.,Van,indoor,Bedroom,Earn's Dream
4848,193.92,Earn asks if Van is jealous of the girl in his dream.,,"Van, Earn",yes,You jealous?,Earn,indoor,Bedroom,Earn's Dream
4888,195.52,Van chides Earn about the dream girl and accuses him of making out with her in the dream.,Van is jealous,"Earn, Van",yes,"I'm disappointed in your story, cause you're first saying that she's fat and annoying and then you, all of a sudden you turn around and you're making out with this bitch.",Van,indoor,Bedroom,Earn's Dream
5127,205.08,Earn says he never mentioned making out with the dream girl.,,"Earn, Van",yes,I never said we were making out.,Earn,indoor,Bedroom,Earn's Dream
5173,206.92,Van directly asks Earn if he and the dream girl made out.,Van is jealous of the dream girl.,"Earn, Van",yes,Were you making out?,Van,indoor,Bedroom,Earn's Dream
5201,208.04,Earn admits he and the dream girl were making out.,,"Earn, Van",yes,"Yeah. Yeah, we were.",Earn,indoor,Bedroom,Earn's Dream
5233,209.32,Van laughs and says she knew he was. She turns away from Earn.,,"Van, Earn",yes,I know you.,Van,indoor,Bedroom,Earn's Dream
5298,211.92,Earn laughs and rolls over to face Van,Ean and Van become playful,"Earn, Van",yes,No,Earn,indoor,Bedroom,Earn's Dream
5305,212.2,Earn rolls over to face Van.,Van and Earn become playful.,"Earn, Van",yes,you don't know me.,Earn,indoor,Bedroom,Earn's Dream
5325,213.0,Earn tries to kiss Van. Van stops him with her hand because they have bad breath.,,"Earn, Van",yes,"Oh, no, bad breath.",Van,indoor,Bedroom,Earn's Dream
5406,216.24,Earn sniffs Van's breath and says he loves it. He asks if she ate curry.,Earn jokes playfully with Van.,"Earn, Van",yes,"Oh, I love it. What is that, curry?",Earn,indoor,Bedroom,Earn's Dream
5511,220.44000000000003,Van laughs and asks if Earn is kidding. Earn describes Van's breath and tries to kiss her again.,Earn and Van are playfully joking.,"Earn, Van",yes,"Are you kidding me? Like a very deep curry?""","Van, Earn",indoor,Bedroom,Earn's Dream
5564,222.56,Van calls Earn gross and they laugh. Earn rolls over on top of Van and starts to kiss her.,Earn and Van are playfully joking.,"Earn, Van",yes,"That is not, that's like some freaky shit!",Van,indoor,Bedroom,Earn's Dream
5655,226.2,Earn and van laugh and kiss on the bed. Van laughs.,Van relaxes. She and Earn are playful and flirtatious.,"Van, Earn",yes,"What is wrong with you? ""I love that. I love that.""","Van, Earn",indoor,Bedroom,Earn's Dream
5734,229.36,Van and Earn kiss on the bed. Van calls Earn stupid.,Van and Earn are joking playfully.,"Van, Earn",yes,You're so stupid.,Van,indoor,Bedroom,Earn's Dream
5792,231.68,Van and Earn kiss on the bed for a few moments.,Van and Earn are happy.,"Van, Earn",yes,,,indoor,Bedroom,Earn's Dream
6107,244.28,Earn starts kissing Van's neck. Van closes her eyes.,Earn and Van are happy.,"Earn, Van",yes,,,indoor,Bedroom,Earn's Dream
6225,249.00000000000003,Van asks Earn to say he loves her.,,"Van, Earn",yes,Tell me you love me,Van,indoor,Bedroom,Earn's Dream
6259,250.36,"Earn kisses Van's neck and laughs, but does not say he loves her. Van pushes him off of her.",Van gets annoyed.,"Van, Earn",yes,,,indoor,Bedroom,Earn's Dream
6318,252.72000000000003,Van pushes Earn off of her and asks why he laughed.,Van is taken aback and insulted Earn would not say he loves her.,"Van, Earn",yes,Why did you just laugh?,Van,indoor,Bedroom,Earn's Dream
6405,256.2,Earn says he did not say he loves her because she always says that and he always says that he does.,Earn realizes Van is upset and tries to backpedal.,"Earn, Van",no,Cause you always say that and I'm always like of course,Earn,indoor,Bedroom,Earn's Dream
6499,259.959999999,Van asks again why Earn did not simply say he loves her,Van is suspicious of Earn,"Earn, Van",no,Then why didn't you just say I love you?,Van,indoor,Bedroom,Earn's Dream
6605,264.2,Earn tells Van he loves her and smiles awkwardly,Earn tries to fix his mistake and please Van by saying he loves her,"Earn, Van",no,I love you,Earn,indoor,Bedroom,Earn's Dream
6698,267.92,Van pushes Earn off of her and gets out of bed. Earn lays in the bed.,Earn is frustrated.,"Earn, Van",no,,,indoor,Bedroom,Earn's Dream
6846,273.83999999900004,"Van walks to the bathroom. Earn sits up on the bed, then stands",,"Van, Earn",no,,,indoor,Van's apartment,Earn's Daughter
6993,279.72,Van does her hair in the bathroom. Earn walks down the hallway,,"Van, Earn",no,Uh oh,Earn,indoor,Van's apartment,Earn's Daughter
7126,285.04,"Earn sees his daughter, Lottie, is awake, and talks to her.",,"Earn, Lottie, Van",no,She's awake! She's gonna kill us all with her cuteness!,Earn,indoor,Van's apartment,Earn's Daughter
7220,288.8,Van reminds Earn he is responsible for taking care of  Lottie tonight.,,"Earn, Van",no,"You remember you have Lottie tonight, right?",Van,indoor,Van's apartment,Earn's Daughter
7273,290.92,Earn tells her he remembered but mouths silently to Lottie that he did not remember.,Earn realizes he was supposed to take care of Lottie that night.,"Earn, Lottie, Van",no,Hey there! Of course I did. I did not.,Earn,indoor,Van's apartment,Earn's Daughter
7413,296.52000000000004,Van says she can't take care of Lottie because she has parent teacher conferences,,"Earn, Lottie, Van",no,Cause I have parent teacher conferences.,Van,indoor,Van's apartment,Earn's Daughter
7459,298.36,"Van says she wants Earn to be here with Lottie tonight, not leave her at his parents' house.",,,no,"Also, I don't always want her at your parents' house. She lives here.",Van,indoor,Van's apartment,Earn's Daughter
7553,302.12,Earn promises he will pic up Lottie and care of her himself.,,"Van, Earn, Lottie",no,I promise she won't be at my parents' house. I'll pick her up after work.,Earn,indoor,Van's apartment,Earn's Daughter
7652,306.08000000000004,"Van holds Lottie up high in the air. From the bathroom, Van asks for Earn's help paying rent.",,"Earn, Lottie, Van",no,"And if you're going to be staying here, I'm gonna need your help with rent.",Van,indoor,Van's apartment,Earn's Daughter
7739,309.56,Earn holds and nuzzles Lottie. Earn promises to bring Van rent money tonight and asks when she will be home.,Earn is unsure whether he will be able to get Van rent money.,"Earn, Lottie",no,"I'll, I'll get it to you tonight. What time are you coming back?",Earn,indoor,Van's apartment,Earn's Daughter
7847,313.88,Earn holds and nuzzles Lottie. Van says she will be back late. Earn looks at her.,Earn is curious why Van will be home so late.,"Earn, Lottie",no,"I don't know, probably like eleven?",Van,indoor,Van's apartment,Earn's Daughter
7941,317.64000000000004,Earn remarks that eleven is unusually late,Earn is suspicious why Van will be out so late,"Earn, Lottie",no,Eleven? Eleven's a little late.,Earn,indoor,Van's apartment,Earn's Daughter
8028,321.12,Earn asks if Van will be late because she's taking her parents somewhere.,Earn is curious why Van will be home so late.,"Earn, Van, Lottie",no,"You, uh, taking the parents to Magic City's? Folly's? You know Cheeta's is actually a better spot for that.",Earn,indoor,Van's apartment,Earn's Daughter
8158,326.32,Van replies shortly that she has a date and walks down the hall past Earn and Lottie.,,"Van, Earn, Lottie",no,I have a date.,Van,indoor,Van's apartment,Earn's Daughter
8228,329.12,Earn watches Van walk away down the hall.,,"Earn, Lottie, Van",no,,,indoor,Van's apartment,Earn's Daughter
8297,331.88,Earn jokingly tells his daughter that he'll be with her tonight because of Van's date.,Earn is uncomfortable that Van is going on a date.,"Earn, Lottie",no,You're with Daddy tonight! Mommy's going on a date with some corny dude!,Earn,indoor,Van's apartment,Earn's Daughter
8413,336.52000000000004,Earn lifts his daughter up higher and jokingly talks to her more. He sarcastically tells her that this is a great environment for her to grow up in.,,"Earn, Lottie",no,"Yeah, some corny dude! What? No, this is a great environment for you!",Earn,indoor,Van's apartment,Earn's Daughter
8598,343.92,"Loretta, a kind, older black woman wishes a man a nice flight.",,Loretta,no,You have a nice flight now.,Loretta,indoor,Airport,Earn's Airport Job
8684,347.36,Earn tries to catch a man's attention to sell to him.,,"Earn, Swiff, Traveler",no,Excuse me sir,Earn,indoor,Airport,Earn's Airport Job
8720,348.8,The traveler brushes Earn off.,The traveler is rude to Earn.,"Earn, Swiff, Traveler",no,Fuck off.,Traveler,indoor,Airport,Earn's Airport Job
8744,349.76000000000005,Earn laughs it off. Swiff points at the traveler.,Earn is used to white travelers being rude to him.,"Earn, Swiff, Traveler",no,"I know, right?",Earn,indoor,Airport,Earn's Airport Job
8784,351.36,Swiff comments on the traveler's rudeness.,,"Swiff, Earn, Traveler",no,"That was just rude, man.",Swiff,indoor,Airport,Earn's Airport Job
8829,353.16,Swiff tells Earn about his night of partying last night and his plans for tonight. Earn stares straight ahead.,Earn is disinterested.,"Earn, Swiff",no,"Ayo, Compound was lit last night. Me and my cousin had like eight bottles up in that bitch, left out with like three hoes apiece, my nigga. Shit was crazy.",Swiff,indoor,Airport,Earn's Airport Job
9036,361.44,Swiff asks if Earn wants to come party with him tonight. Earn stares straight ahead.,Earn feels like he is missing out on having fun because he has a daughter and responsibilities.,"Swiff, Earn",no,"Hey we gonna hit two dollar Tuesday at the Alta, you wanna roll?",Swiff,indoor,Airport,Earn's Airport Job
9110,364.4,Earn ignores Swiff and does not reply. Swiff tries to get his attention.,Earn feels like he is missing out on having fun because he has a daughter and responsibilities.,"Swiff, Earn",no,Earn.,Swiff,indoor,Airport,Earn's Airport Job
9160,366.4,Swiff pulls out his phone to take a picture of Earn.,,"Swiff, Earn",no,Ayo Earn.,Swiff,indoor,Airport,Earn's Airport Job
9268,370.72,Earn turns to look at Swiff. Swiff laughs and takes a picture of him.,Earn is unamused with Swiff and in a bad mood.,Earn,no,Got him!,Swiff,indoor,Airport,Earn's Airport Job
9336,373.44,Swiff types on his phone that Earn is high at work.,Swiff is joking.,"Earn, Swiff",no,How you look when you high at work.,Swiff,indoor,Airport,Earn's Airport Job
9487,379.48,Earn tells Swiff that Van is dating other people.,Earn is upset.,"Earn, Swiff",no,Van's dating other people.,Earn,indoor,Airport,Earn's Airport Job
9534,381.36,"Swiff looks at Earn. Earn complains that Van is going to kick him out, and that he is broke and cannot make money at his job.","Earn is worried about Van, his living situation, and his job. He feels he cannot do as well as an old black lady because he is a young black man.","Earn, Swiff",no,She's gonna kick me out the house. I'm also broke and I can't sign anyone up cause I'm not an old lady.,Earn,indoor,Airport,Earn's Airport Job
9685,387.4,A young white male asks Loretta if he can use the card she is selling to fly to the Caribbean.,Loretta is having success with white customers.,"Loretta, Boy",no,Can I go to the Caribbean on this?,Boy,indoor,Airport,Earn's Airport Job
9726,389.04,"Loretta, the old black lady, successfully signs up another white customer. She acts friendly and flirtatious with him.","Loretta flirts and uses her harmless, endearing, homely stereotype to her advantage in making sales.","Loretta, Boy",no,"Well of course you can, honey! I'll even give you an extra flight, as long as you keep flirting with me.",Loretta,indoor,Airport,Earn's Airport Job
9889,395.56,Earn and Swiff watch Loretta make a sale,Earn and Swiff are slightly disgusted at her obsequiousness,"Earn, Swiff",no,"Oh, okay",Boy,indoor,Airport,Earn's Airport Job
9945,397.8,"While the young white traveler signs up for a card, Loretta, the old black lady, sees Earn and Swiff watching. Her smile fades and she glares at them.",Loretta is not the jolly stereotype she puts on for sales.,"Loretta, Boy",no,,,indoor,Airport,Earn's Airport Job
10053,402.12,Loretta starts pretending to hump the young boy from behind while he signs up.,"Loretta taunts Earn and Swiff and is not truly the kind, flirty, stereotypical old, black woman she puts on.","Loretta, Boy",no,,,indoor,Airport,Earn's Airport Job
10201,408.04,Swiff remarks that Loretta is good at her job.,Swiff is impressed by Loretta's sales skills.,"Swiff, Earn",no,This bitch is amazing.,Swiff,indoor,Airport,Earn's Airport Job
10235,409.4,Earn replies to Swiff,Earn is disgusted by Loretta.,"Earn, Swiff",no,That's really rough.,Earn,indoor,Airport,Earn's Airport Job
10266,410.64,Swiff says he would watch Loretta have sex.,,"Earn, Swiff",no,"I don't know, I would watch.",Swiff,indoor,Airport,Earn's Airport Job
10308,412.3200000000001,Earn responds to Swiff.,Earn is disgusted.,"Earn, Swiff",no,That's more rough.,Earn,indoor,Airport,Earn's Airport Job
10340,413.6,Swiff asks Earn if he's heard the new Paper Boy mixtape coming out on Friday.,,"Earn, Swiff",no,"Ayo you heard that new Paper Boy mixtape, man? I heard it's coming out this Friday, man.",Swiff,indoor,Airport,Earn's Airport Job
10437,417.48,Swiff Says Paper Boy's last mixtape was good.,,"Earn, Swiff",no,His last one was hot.,Swiff,indoor,Airport,Earn's Airport Job
10467,418.68,Earn says he does not follow new music and does not know who Paper Boy is.,Earn is disinterested.,"Earn, Swiff",no,"I haven't really been keeping up, man, I don't know who that is.",Earn,indoor,Airport,Earn's Airport Job
10558,422.3200000000001,Swiff tells Earn he needs to get out more and shows him Paper Boy's music video.,Swiff is surprised and makes fun of Earn.,"Earn, Swiff",no,"Man, get out your lil cave, lil boy! Hey, check it out, here, go to video, right here.",Swiff,indoor,Airport,Earn's Airport Job
10646,425.84,Swiff plays a music video on his phone and hands it to Earn to watch,,"Swiff, Earn",yes,Hit the magic city and I bet that paper make her strip,Alfred Paper Boy,indoor,Airport,Earn's Airport Job
10732,429.28,"Earn watches the music video on Swiff's phone. In the video, Alfred Paper Boy throws a brick of cocaine that lands on a woman with dancing women in the background.",,Alfred Paper Boy,yes,"Paper man, paper man, catch me in the paper, man, like Wall Street",Alfred Paper Boy,indoor,Airport,Earn's Airport Job
10836,433.44000000000005,Earn watches Alfred Paper Boy's music video on Swiff's phone. Swiff asks if the cocaine in the video is real or fake.,,Alfred Paper Boy,yes," Journal yeah cause imma get that paper, man. That paper man ""Woo, ayo that's flour, right?""","Alfred Paper Boy, Swiff",indoor,Airport,Earn's Airport Job
10920,436.8,"Earn stares at the music video on Swiff's phone. He recognizes Paper Boy as his cousin, Alfred.",,"Earn, Swiff",yes,That's my cousin.,Earn,indoor,Airport,Earn's Airport Job
10946,437.84,Swiff looks over Earn's shoulder and comments on one of the dancer's in the music video. He looks at Earn and asks if his comment made him feel weird.,"Swiff thinks Earn is talking about one of the dancers being his cousin, not Alfred Paper Boy.","Swiff, Earn",yes,"Damn, she is thick as fuck. Is that weird for you?",Swiff,indoor,Airport,Earn's Airport Job
11071,442.84,"Earn corrects Swiff, and tells him Paper Boy is his cousin",,Earn,yes,"No, Paper Boy. Paper Boy's my cousin.",Earn,indoor,Airport,Earn's Airport Job
11117,444.68,"Swiff says if Paper Boy is Earn's cousin, he needs to get to him before he is signed by a record label.",,Swiff,yes,"If that's your cousin, man, you're gonna wanna get in there before he gets signed, man.",Swiff,indoor,Airport,Earn's Airport Job
11183,447.3200000000001,"Earn looks at Swiff, then back at Alfred Paper Boy's music video.",,"Earn, Swiff",yes,,,indoor,Airport,Earn's Airport Job
11226,449.04,Earn watches Alfred Paper Boy dance and rap in the music video on Swiff's phone. Swiff says Alfred Paper Boy has a seven million dollar offer on the table.,Alfred Paper Boy is becoming successful quickly.,Alfred Paper Boy,yes,They offering that boy seven m's on the table.,Swiff,indoor,Airport,Earn's Airport Job
11304,452.16,Earn asks Swiff if Alfred Paper Boy's seven million dollar offer is real.,,"Earn, Swiff",no,Is that a real offer?,Earn,indoor,Airport,Earn's Airport Job
11333,453.3200000000001,Swiff says the offer is real.,,"Swiff, Earn",no,"That's a real offer, them real m's!",Swiff,indoor,Airport,Earn's Airport Job
11384,455.36,Earn hands the phone back to Swiff and says he will see him later.,"Earn realizes he could make money working with his cousin, Alfred Paper Boy, and leaves to go find him.","Earn, Swiff",no,"Alright, man, I'll catch you later.",Earn,indoor,Airport,Earn's Airport Job
11456,458.24,Swiff asks if Earn is going to talk to Alfred Paper Boy. Earn walks away and does not reply.,,"Swiff, Earn",no,"Where you going? You going to talk to him? Hey, tell him I said what up.",Swiff,indoor,Airport,Earn's Airport Job
11523,460.92,Swiff asks Earn if the dancer in Alfred Paper Boy's music video is actually his cousin.,Swiff is still confused and does not believe Earn.,Swiff,no,Is that really your cousin in the video with the big tits?,Swiff,indoor,Airport,Earn's Airport Job
11590,463.6,Swiff calls after Earn and says he does not know Paper Boy. He laughs.,"Earn realizes he could make money working with his cousin, Alfred Paper Boy, and leaves to go find him. Swiff does not believe Alfred Paper Boy is Earn's cousin.",Swiff,no,You don't know Paper Boy!,Swiff,indoor,Airport,Earn's Airport Job
11653,466.12,BLACK SCREEN 2,,,no,,,,,
11716,468.64,"Earn, wearing street clothes and a backpack, walks up the driveway of a house.",,Earn,no,,,outdoor,Earn's parents' house,Earn Visits his Parents
11797,471.88000000000005,Earn slowly walks up to the side door of a house.,The house belongs to Earn's parents.,Earn,no,,,outdoor,Earn's parents' house,Earn Visits his Parents
11908,476.3200000000001,Earn walks up to the door. Earn's father stands in the doorway and greets him.,Earn is at his parents' house.,"Earn, Dad",no,Son.,Dad,outdoor,Earn's parents' house,Earn Visits his Parents
11989,479.56,Earn greets his father.,Earn is uncomfortable.,"Earn, Dad",no,"Hey, Dad.",Earn,outdoor,Earn's parents' house,Earn Visits his Parents
12019,480.7600000000001,"Earn's father stands in the doorway, looking down at Earn. Earn asks where his mother is.",,"Dad, Earn",no,Where's Mom?,Earn,outdoor,Earn's parents' house,Earn Visits his Parents
12063,482.52,Earn's mother greets him.,,"Dad, Earn",no,"Hey, Earn.",Mom,outdoor,Earn's parents' house,Earn Visits his Parents
12088,483.52,Earn greets his mother.,,"Earn, Dad, Mom",no,"Hey, Mom.",Earn,outdoor,Earn's parents' house,Earn Visits his Parents
12140,485.6,"After a moment, Earn asks how his parents are doing.",Earn's relationship with his parents is strained and awkward.,"Earn, Dad",no,How are you?,Earn,outdoor,Earn's parents' house,Earn Visits his Parents
12197,487.88000000000005,"Earn's father answers, pauses for a moment, and asks how Earn is doing.",Earn's relationship with his parents is strained and awkward.,"Earn, Dad, Mom",no,Good. How are you?,Dad,outdoor,Earn's parents' house,Earn Visits his Parents
12284,491.36,Earn says he is doing well.,Earn's relationship with his parents is strained and awkward.,"Earn, Dad, Mom",no,I'm good!,Earn,outdoor,Earn's parents' house,Earn Visits his Parents
12322,492.88000000000005,Earn's father replies shortly.,Earn's relationship with his parents is strained and awkward.,"Earn, Dad, Mom",no,Good.,Dad,outdoor,Earn's parents' house,Earn Visits his Parents
12370,494.8,"After a long pause, Earn asks if his parents are going to ask him to come inside.",Earn's relationship with his parents is strained and awkward.,"Earn, Dad",no,You gonna invite me in?,Earn,outdoor,Earn's parents' house,Earn Visits his Parents
12452,498.08,Earn's father laughs and says no.,Earn's relationship with his parents is strained and awkward.,"Earn, Dad",no,No.,Dad,outdoor,Earn's parents' house,Earn Visits his Parents
12476,499.04,Earn asks his father why he cannot come inside the house.,Earn's relationship with his parents is strained and awkward. Earn is a little hurt.,"Earn, Dad",no,Why not?,Earn,outdoor,Earn's parents' house,Earn Visits his Parents
12496,499.84,Earn's father smiles and says he cannot afford to let Earn in the house.,Earn's parents think he is there to ask for money.,"Dad, Earn",no,I can't afford it.,Dad,outdoor,Earn's parents' house,Earn Visits his Parents
12528,501.12,Earn asks if his parents think he came to ask for money.,Earn is offended.,"Earn, Dad",no,"Come on, you really think I'm here for money?",Earn,outdoor,Earn's parents' house,Earn Visits his Parents
12565,502.6,Earn's father looks at him and says nothing.,Earn's father thinks Earn came to ask for money.,"Dad, Earn",no,,,outdoor,Earn's parents' house,Earn Visits his Parents
12594,503.7600000000001,Earn's mother answers yes.,Earn's parents are not fond of him.,Mom,no,"We do, yes.",Mom,outdoor,Earn's parents' house,Earn Visits his Parents
12637,505.48,"Earn tells his parents that he is looking for Alfred Paper Boy, and asks if his parents can pick up Lottie.",,"Earn, Dad, Mom",no,"I'm looking for Alfred. Also, could you pick up Lottie from Kaya's?",Earn,outdoor,Earn's parents' house,Earn Visits his Parents
12703,508.12,Earn explains that he has a job interview and Van has a date.,Earn is upset about Van's date.,Earn,no,I'm getting a job and Van's on a date.,Earn,outdoor,Earn's parents' house,Earn Visits his Parents
12755,510.2000000000001,Earn's father asks if Earn really got a Job. His mother congratulates Van on her date.,Earn's father is surprised and skeptical. His mother is more interested in Van's date. Earn's parents are not proud of him.,"Earn, Dad, Mom",no,"You got a job? ""Really? Good for her!""","Dad, Mom",outdoor,Earn's parents' house,Earn Visits his Parents
12798,511.92,"Earn confirms that he got a job, and thanks his mother.",Earn sarcastically thanks his mother.,"Earn, Dad, Mom",no,"Yes, I got a job. And thanks, Mom.",Earn,outdoor,Earn's parents' house,Earn Visits his Parents
12852,514.08,Earn reminds his parents that he is their son and used to live in their house with them.,"Earn is sarcastic, hurt, and offended.",Earn,no,"I'm your son, Earn? I used to live in there with you, remember?",Earn,outdoor,Earn's parents' house,Earn Visits his Parents
12929,517.159999999,Earn's mother glares at him and turns away. Earn's father replies.,Earn's relationship with his parents is strained and awkward. They do not particularly like him.,Mom,no,Used to? There was a,Dad,,,Earn Visits his Parents
12962,518.48,Earn's father chides him for using their bathroom without their permission and not flushing the toilet.,Earn's parents are angry at him.,Dad,no,a turd the size of my arm waiting for me when I got home yesterday. You supposed to be so smart,Dad,outdoor,Earn's parents' house,Earn Visits his Parents
13074,522.96,Earns father continues to berate him for using their bathroom and not flushing the toilet. Earn shakes his head.,Earn's parents are angry at him.,Earn,no,you can't remember to flush?,Dad,outdoor,Earn's parents' house,Earn Visits his Parents
13120,524.7999999990001,Earn denies using the toilet.,Earn is lying.,Earn,no,That wasn't me.,Earn,outdoor,Earn's parents' house,Earn Visits his Parents
13144,525.76,Earn's mother says he used the toilet.,,Earn,no,It was you.,Mom,outdoor,Earn's parents' house,Earn Visits his Parents
13161,526.44,"Earn's mother scolds him and tells him to eat better food, not the junk she found in the toilet.",Earn's parents are not particularly proud of him.,Mom,no,"I checked. You better eat something real, instead of all them candies and cookies and whatever was in there.",Mom,outdoor,Earn's parents' house,Earn Visits his Parents
13328,533.12,Earn asks if his mother knew what he was eating because she investigated the contents of the toilet.,Earn is being sarcastic,Earn,no,Did you break it up with a stick?,Earn,outdoor,Earn's parents' house,Earn Visits his Parents
13360,534.4,"Earn's father tells him where his cousin, Alfred, is. He tells Earn he loves him and shuts the door.",Earn's father dismisses him,Dad,no,"Alfred's at the Glenwood Apartments. Love you, son.",Dad,outdoor,Earn's parents' house,Earn Visits his Parents
13463,538.52,Earn's father shuts the door and Earn turns and walks away.,Earn is surprised and disappointed his parents were so unwelcoming.,Earn,no,,,outdoor,Earn's parents' house,Earn Visits his Parents
13560,542.4,"Earn walks back down the driveway, away from his parents' house. A red car passes him, playing Alfred Paper Boy's song.",,Earn,yes,,,outdoor,Earn's parents' house,Earn Visits his Parents
13722,548.88,The red car turns and pulls into a driveway.,,Earn,yes,,,outdoor,Earn's parents' house,Earn Visits his Parents
13799,551.96,One man sits on a car smoking a blunt. Another man stands next to him drinking alcohol from a bottle in a brown bag. Alfred Paper Boy's song is playing.,,,yes,,,outdoor,outside Alfred Paper Boy's apartment,Earn visits Alfred Paper Boy
13863,554.52,Earn walks past the two men on his way to Alfred Paper Boy's apartment.,,Earn,yes,,,outdoor,outside Alfred Paper Boy's apartment,Earn visits Alfred Paper Boy
13999,559.96,Alfred Paper Boy sits on the couch playing video games,,Alfred Paper Boy,no,,,indoor,Alfred Paper Boy's apartment,Earn visits Alfred Paper Boy
14066,562.64,"Darius, Alfred Paper Boy's friend, looks through the fridge for something.",,Darius,no,,,indoor,Alfred Paper Boy's apartment,Earn visits Alfred Paper Boy
14179,567.1600000000001,"Darius, wearing an apron and carrying a carton of milk, walks up behind Alfred Paper Boy and asks if the milk is still good",,"Alfred Paper Boy, Darius",no,"Hey, is this milk any good?",Darius,indoor,Alfred Paper Boy's apartment,Earn visits Alfred Paper Boy
14334,573.36,"Without looking up from his video game, Alfred Paper Boy asks what Darius wants to use the milk for.",,"Alfred Paper Boy, Darius",no,Whatchu using it for?,Alfred Paper Boy,indoor,Alfred Paper Boy's apartment,Earn visits Alfred Paper Boy
14369,574.76,Darius says he plans to drink the milk.,,"Darius, Alfred Paper Boy",no,Drinking.,Darius,indoor,Alfred Paper Boy's apartment,Earn visits Alfred Paper Boy
14399,575.96,Alfred Paper Boy tells Darius he should not drink the milk.,,"Alfred Paper Boy, Darius",no,"Yeah nah, man, don't use it to drink.",Alfred Paper Boy,indoor,Alfred Paper Boy's apartment,Earn visits Alfred Paper Boy
14475,579.0,Alfred Paper Boy and Darius hear a knock on the door.  They both look toward the sound.,,"Alfred Paper Boy, Darius",no,,,indoor,Alfred Paper Boy's apartment,Earn visits Alfred Paper Boy
14516,580.64,Alfred Paper Boy looks up from his video game.,,Alfred Paper Boy,no,,,indoor,Alfred Paper Boy's apartment,Earn visits Alfred Paper Boy
14553,582.12,The door opens. Earn is standing outside.,,Earn,no,,,outdoor,outside Alfred Paper Boy's apartment,Earn visits Alfred Paper Boy
14568,582.72,"A gun sticks out from the door, pointed directly at Earn's head. Earn comments on their peep hole.",Earn makes a joke.,Earn,no,Your peep hole's for real.,Earn,outdoor,outside Alfred Paper Boy's apartment,Earn visits Alfred Paper Boy
14691,587.64,"Alfred Paper Boy looks through the cracked door, recognizes Earn, withdraws gun, and shuts the door to unlock it.",,"Alfred Paper Boy, Earn",no,,,outdoor,outside Alfred Paper Boy's apartment,Earn visits Alfred Paper Boy
14772,590.88,"Darius hides behind a wall, wearing an apron and a kitchen towel over his face. He's holding a large kitchen knife and a plate of cookies. Alfred Paper Boy and Earn walk into the room and Alfred Paper Boy points to Darius to introduce him.",Paper Boy Alfred and Darius are concerned about security and ready to fight.,"Darius, Alfred Paper Boy, Earn",no,That's Darius,Alfred Paper Boy,indoor,Alfred Paper Boy's apartment,Earn visits Alfred Paper Boy
14919,596.76,Darius pulls the towel off of his face and offers Earn a cookie.,,"Alfred Paper Boy, Earn, Darius",no,Cookie?,Darius,indoor,Alfred Paper Boy's apartment,Earn visits Alfred Paper Boy
14972,598.88,"Earn takes a cookie, thanks Darius, and follows Alfred Paper Boy into the house.",Earn thinks Darius is strange.,"Earn, Darius, Alfred Paper Boy",no,Thanks,Earn,indoor,Alfred Paper Boy's apartment,Earn visits Alfred Paper Boy
15038,601.52,Earn walks into the room and starts to make small talk.,,"Earn, Alfred Paper Boy, Darius",no,"So, Zoo Tycoon",Earn,indoor,Alfred Paper Boy's apartment,Earn visits Alfred Paper Boy
15120,604.8000000000001,Alfred Paper Boy cuts Earn off and accuses him of wanting to get in on his fame.,Alfred Paper Boy cuts right to the chase.,Alfred Paper Boy,no,You want in on Paper Boy.,Alfred Paper Boy,indoor,Alfred Paper Boy's apartment,Earn visits Alfred Paper Boy
15153,606.12,Earn laughs and denies wanting to get in on Alfred Paper Boy's fame.,Earn feigns surprise at being called out.,"Earn, Darius, Alfred Paper Boy",no,What? No!,Earn,indoor,Alfred Paper Boy's apartment,Earn visits Alfred Paper Boy
15208,608.32,Alfred Paper Boy starts to reply to Earn.,,"Earn, Darius, Alfred Paper Boy",no,"Please, man",Alfred Paper Boy,indoor,Alfred Paper Boy's apartment,Earn visits Alfred Paper Boy
15229,609.1600000000001,Alfred Paper Boy says that people are only nice when they want something.,Alfred Paper Boy does not believe Earn.,Alfred Paper Boy,no,"people ain't just nice, Earn. When's the last time you were nice to a girl you weren't trying to smash?",Alfred Paper Boy,indoor,Alfred Paper Boy's apartment,Earn visits Alfred Paper Boy
15331,613.24,Earn replies that he was nice to a girl this morning.,"Earn is referring to Lottie, his daughter.","Earn, Darius, Alfred Paper Boy",no,This morning.,Earn,indoor,Alfred Paper Boy's apartment,Earn visits Alfred Paper Boy
15352,614.08,Alfred paper Boy replies that talking about his daughter is gross.,,Alfred Paper Boy,no,"You're talking about your daughter, man, that's gross.",Alfred Paper Boy,indoor,Alfred Paper Boy's apartment,Earn visits Alfred Paper Boy
15400,616.0,Earn says it would be gross if he was trying to have sex with his daughter. Darius stands and eats cookies in the background.,Earn tries to make a joke.,"Earn, Darius, Alfred Paper Boy",no,"Nah, it'd be gross if I was trying to smash.",Earn,indoor,Alfred Paper Boy's apartment,Earn visits Alfred Paper Boy
15452,618.08,No one laughs at Earn's joke. Alfred Paper Boy sighs and stands.,,"Earn, Darius, Alfred Paper Boy",no,,,indoor,Alfred Paper Boy's apartment,Earn visits Alfred Paper Boy
15509,620.36,Alfred Paper Boy and Darius sit down on couches. Earn tells Alfred Paper Boy he wants to manage him. Alfred Paper Boy laughs.,,"Earn, Alfred Paper Boy, Darius",no,"I don't want a handout, I want to manage you.",Earn,indoor,Alfred Paper Boy's apartment,Earn visits Alfred Paper Boy
15604,624.1600000000001,Alfred Paper Boy starts rolling weed (marijuana) into a blunt. He asks Earn if he knows where the word manage comes from.,Alfred Paper Boy does not take Earn seriously.,Alfred Paper Boy,no,You know where the word manage come from?,Alfred Paper Boy,indoor,Alfred Paper Boy's apartment,Earn visits Alfred Paper Boy
15658,626.32,Earn sits on the arm of the sofa and correctly responds that manus comes from the Latin word for hand. Darius eats a cookie on the couch behind him.,,"Earn, Darius",no,Manus? Latin word for hand?,Earn,indoor,Alfred Paper Boy's apartment,Earn visits Alfred Paper Boy
15705,628.2,"Alfred Paper Boy continues rolling the blunt (marijuana cigar). He says Earn is probably right, but the point he's trying to make is that you have to be a man to manage, and Earn is not man enough.",,Alfred Paper Boy,no,"Probably, but imma say no for the purpose of my argument. 'Manage' comes from the word 'man,' and, uh, that ain't really your lane.",Alfred Paper Boy,indoor,Alfred Paper Boy's apartment,Earn visits Alfred Paper Boy
15878,635.12,Earn questions what Alfred Paper Boy means about being a man not being his lane.,,"Earn, Darius",no,My lane?,Earn,indoor,Alfred Paper Boy's apartment,Earn visits Alfred Paper Boy
15897,635.88,Alfred Paper Boy says he needs a manager who is like Malcolm.,"Alfred Paper Boy is referring to Malcolm X, and means he wants someone tough and aggressive.","Earn, Darius",no,"Yeah, man, I need Malcolm.",Alfred Paper Boy,indoor,Alfred Paper Boy's apartment,Earn visits Alfred Paper Boy
15923,636.9200000000001,Alfred Paper Boy sits back and rolls the blunt (marijuana cigar) between his fingers. He says Earn is too much like Martin. He then says that they killed Martin.,"Alfred Paper Boy sees Earn as more gentle and reserved, like Martin Luther King Jr. He thinks gentle, reserved people get killed in his line of work.",Alfred Paper Boy,no,"Yeah man, I need Malcolm. You too Martin. You know what they did to Martin? They killed him.",Alfred Paper Boy,indoor,Alfred Paper Boy's apartment,Earn visits Alfred Paper Boy
16000,640.0,"Earn questions Alfred Paper Boy's logic, since both men he referenced were killed. Darius sits on the couch behind him. Darius sits in the background saying a blessing over his plate of cookies.",,"Earn, Darius",no,Didn't they kill Malcolm too?,Earn,indoor,Alfred Paper Boy's apartment,Earn visits Alfred Paper Boy
16031,641.24,"Darius speaks up from the background, claiming that no one knows if Malcolm X is dead because no one has seen his body since his funeral.",,"Earn, Darius",no,"Oh no, no, they say that. But ain't nobody seen the body since the funeral.",Darius,indoor,Alfred Paper Boy's apartment,Earn visits Alfred Paper Boy
16127,645.08,"Earn responds to Darius, turns back to Alfred Paper Boy and tries to convince him he'd make a good manager.",,"Darius, Earn",no,"That's how funerals work. Alfred, you already Malcolm. You have that already. What you really need is a silent",Earn,indoor,Alfred Paper Boy's apartment,Earn visits Alfred Paper Boy
16300,652.0,Earn continues trying to convince Alfred Paper Boy he would be a good manager. Alfred Paper Boy licks the blunt (marijuana cigar) and looks up and Earn.,,Alfred Paper Boy,no,"wild card, somebody who is about the money, the opportunity,",Earn,indoor,Alfred Paper Boy's apartment,Earn visits Alfred Paper Boy
16359,654.36,Earn continues trying to convince Alfred Paper Boy he would make a good manager.,,"Earn, Darius",no,who can play both sides if needed.,Earn,indoor,Alfred Paper Boy's apartment,Earn visits Alfred Paper Boy
16394,655.76,Darius compares Earn to Don Lemon.,,"Darius, Earn",no,"Oh, like Don Lemon.",Darius,indoor,Alfred Paper Boy's apartment,Earn visits Alfred Paper Boy
16422,656.88,Earn realizes Darius actually made a good point and begins to rephrase his argument,"Darius is an odd, but sometimes randomly insightful person","Earn, Darius",no,"Fair point, let me rephrase what I'm trying to say.","Earn, Darius",indoor,Alfred Paper Boy's apartment,Earn visits Alfred Paper Boy
16514,660.5600000000001,"Darius cuts Earn off, suddenly realizing it is four thirty","Darius realizes they missed four twenty, a ceremonial time of day for them to smoke","Earn, Darius",no,"Oh wait, wait wait. It's four thirty.",Darius,indoor,Alfred Paper Boy's apartment,Earn visits Alfred Paper Boy
16551,662.0400000000001,Alfred Paper Boy looks at his watch and realizes they are late,"Alfred Paper Boy and Darius were trying to be ready to smoke at four twenty, but missed it",Alfred Paper Boy,no,"Oh damn, man, we late.",Alfred Paper Boy,indoor,Alfred Paper Boy's apartment,Earn visits Alfred Paper Boy
16588,663.5200000000001,"Outside, Alfred Paper Boy lights the blunt (marijuana cigar) in his mouth, pulls on it, and sits back.",,Alfred Paper Boy,no,,,outdoor,outdoor couch,The Outdoor Couch
16718,668.72,"Earn, Alfred Paper Boy, and Darius sit on a couch on the grass across from Alfred Paper Boy's apartment, smoking a blunt (marijuana cigar).",,"Earn, Alfred Paper Boy, Darius",no,,,outdoor,outdoor couch,The Outdoor Couch
16814,672.5600000000001,"Earn, Alfred Paper Boy, and Darius sit on the couch in the grass. Alfred Paper Boy offers Earn the blunt (marijuana cigar) and Earn turns it down.",,"Earn, Alfred Paper Boy, Darius",no,No.,Earn,outdoor,outdoor couch,The Outdoor Couch
16841,673.64,"Alfred Paper Boy, still offering the blunt (marijuana cigar) to Earn, asks him when he stopped smoking weed (marijuana).",Alfred Paper Boy is surprised Earn turned down the blunt (marijuana cigar).,"Earn, Alfred Paper Boy, Darius",no,Since when?,Alfred Paper Boy,outdoor,outdoor couch,The Outdoor Couch
16875,675.0,Earn says he doesn't want to smoke marijuana and get high while doing business.,,"Earn, Alfred Paper Boy, Darius",no,We're doing business,Earn,outdoor,outdoor couch,The Outdoor Couch
16906,676.24,The three characters are sitting on the couch in the grass. Alfred Paper Boy retracts his arm with the blunt (marijuana cigar). Darius questions whether Earn can manage a rapper if he won't smoke marijuana while doing business,Darius is surprised and confused,"Earn, Alfred Paper Boy, Darius",no,"Wait, you want to manage a rapper but you can't do business high?",Darius,outdoor,outdoor couch,The Outdoor Couch
16981,679.24,"Alfred Paper Boy takes another pull from the blunt (marijuana cigar). Darius says that VH1 is hiring interns, which sounds like a joke, but he saw it on Twitter this morning.",The double meaning in Darius's comment is that Earn should find a child's or amateur's job if he can't get high and do business.,"Darius, Alfred Paper Boy, Earn",no,"VH1 is hiring interns. And that sounds like a joke, but they actually, they tweeted that this morning.",Darius,outdoor,outdoor couch,The Outdoor Couch
17144,685.76,Earn silently looks at Darius and slowly turns away,,"Earn, Alfred Paper Boy",no,,,outdoor,outdoor couch,The Outdoor Couch
17197,687.88,Alfred Paper Boy takes another hit of the blunt (marijuana cigar) and passes it to Darius. He asks Earn how Princeton is going.,,"Darius, Alfred Paper Boy, Earn",no,"How's Princeton, by the way?",Alfred Paper Boy,outdoor,outdoor couch,The Outdoor Couch
17291,691.64,"Darius takes a hit of the blunt (marijuana cigar). Alfred Paper Boy asks Earn if he's still taking a year off from Princeton, because he has not returned for three years now",Alfred Paper Boy knows Earn is keeping a secret about his time in college and is questioning it,"Darius, Alfred Paper Boy, Earn",no,Still in that year off? Three years is a long year off.,Alfred Paper Boy,outdoor,outdoor couch,The Outdoor Couch
17409,696.36,Earn replies shortly,Earn doesn't answer the implied question.,"Darius, Alfred Paper Boy, Earn",no,I guess.,Earn,outdoor,outdoor couch,The Outdoor Couch
17435,697.4000000000001,Alfred Paper Boy says he knows why Earn has not gone back to college at Princeton,Alfred Paper Boy is digging for information on why Earn left school,Earn,no,I think I know what happened.,Alfred Paper Boy,outdoor,outdoor couch,The Outdoor Couch
17489,699.5600000000001,Earn cuts him off and replies firmly that Alfred Paper Boy does not know what happened,Earn does not want to discuss school and why he left,Earn,no,I really think you don't,Earn,outdoor,outdoor couch,The Outdoor Couch
17544,701.76,Alfred looks away from Earn. Darius holds the blunt (marijuana cigar) up to the light and examines it,Alfred Paper Boy reluctantly drops the subject of Earn's school,"Darius, Alfred Paper Boy, Earn",no,,,outdoor,outdoor couch,The Outdoor Couch
17597,703.88,"Earn turns and sits on the couch in the grass facing Alfred Paper Boy. He asks if there is somewhere they can talk about business without Darius around, because he does not know him",Earn does not trust Darius or take him seriously,"Earn, Alfred Paper Boy",no,"Look, man, is there somewhere we can talk for real? Cause, I'm sorry, who is this dude?",Earn,outdoor,outdoor couch,The Outdoor Couch
17738,709.5200000000001,"Darius and Alfred Paper Boy respond at the same time. Darius reminds Earn who he is, that they met when Earn first came to the house. Alfred Paper Boy refuses to leave and says they will talk right where they are.",Darius is offended and sad Earn does not know who he is.,"Darius, Alfred Paper Boy, Earn",no,"I'm Darius, man! We met over there by the, when you first walked in. ""No I'm fine with talking right here.""","Darius, Alfred Paper Boy",outdoor,outdoor couch,The Outdoor Couch
17819,712.76,Darius reminds Earn who he is,Darius is upset Earn does not know who he is,Earn,no,I gave you a cookie,Darius,outdoor,outdoor couch,The Outdoor Couch
17839,713.5600000000001,Earn says he knows who Darius is and tells Alfred Paper Boy he is not asking for money,,Earn,no,"No, yeah, I remember who you are. Look, I'm not asking for money.",Earn,outdoor,outdoor couch,The Outdoor Couch
17909,716.36,Alfred Paper Boy tells Earn he should be asking him for money,,Alfred paper Boy,no,"You should be, ain't you homeless?",Alfred Paper Boy,outdoor,outdoor couch,The Outdoor Couch
17950,718.0,Earn argues that he is not truly homeless,,Earn,no,Not real homeless. I'm not using a rat as a phone or something.,Earn,outdoor,outdoor couch,The Outdoor Couch
18027,721.08,Alfred Paper Boy takes another hit of the blunt (marijuana cigar). He tells Earn not to be racist and that homelessness is not the same as being crazy,Alfred Paper Boy reminds Earn to not confuse mental illness with homelessness,Alfred Paper Boy,no,"Don't be racist, man. That makes you schizophrenic, that don't make you homeless.",Alfred Paper Boy,outdoor,outdoor couch,The Outdoor Couch
18101,724.0400000000001,"Darius interjects that it would not be crazy to use a rat as a phone if it worked, it would actually be smart. Alfred Paper Boy takes another hit of the blunt (marijuana cigar).",,"Darius, Alfred Paper Boy",no,"Wait, wait, not if it worked, man. Nah, if you could use a rat as a phone, that'd be genius.",Darius,outdoor,outdoor couch,The Outdoor Couch
18217,728.6800000000001,"Earn looks at Darius and narrows his eyes. Darius continues, saying there are far more rats than people in New York",Earn is confused by Darius and thinks he is strange,Earn,no,"I mean it's like five rats for every one person in New York, alone.",Darius,outdoor,outdoor couch,The Outdoor Couch
18294,731.76,Darius continues talking about how using rats as phones could work. Alfred Paper Boy continues smoking.,,"Darius, Alfred Paper Boy, Earn",no,"Everybody would have an affordable phone. Yeah, man, I mean, it'd be messy, but it'd be worth it",Darius,outdoor,outdoor couch,The Outdoor Couch
18469,738.76,Earn asks Alfred Paper Boy if Darius is his manager,Earn is in disbelief about Darius,"Earn, Alfred Paper Boy",no,Is he your manager?,Earn,outdoor,outdoor couch,The Outdoor Couch
18532,741.2800000000001,Alfred Paper Boy laughs leans back on the couch in the grass and says he does not meed a manager; he is just trying to make money. He passes the blunt (marijuana cigar) to Darius.,,"Alfred Paper Boy, Darius",no,"Rappers need managers, I'm just tryna get paid right quick.",Alfred Paper Boy,outdoor,outdoor couch,The Outdoor Couch
18618,744.72,Darius takes the blunt (marijuana cigar) . He agrees that Alfred Paper Boy does not need a manager. They both laugh. Alfred Paper Boy picks up his phone.,,"Darius, Alfred Paper Boy",no,"Yeah, man, rap is D-E-D. Dead.",Darius,outdoor,outdoor couch,The Outdoor Couch
18704,748.1600000000001,"Earn argues that this is not about rap. He says if they manage their money right, they can leave it for their children.",,"Earn, Alfred Paper Boy, Darius",no,"This isn't about rap. If we do this right, your kids can live good. My kids can live good. Darius's kids",Earn,outdoor,outdoor couch,The Outdoor Couch
18811,752.44,Darius cuts Earn off and says he cannot have children,,"Darius, Alfred Paper Boy",no,I can't have kids,Darius,outdoor,outdoor couch,The Outdoor Couch
18842,753.6800000000001,Earn replies that he is sure he will find out why eventually,Earn is taken aback,"Earn, Alfred Paper Boy, Darius",no,I'm sure I'll find out why when the time's right,Earn,outdoor,outdoor couch,The Outdoor Couch
18899,755.96,Darius asks rhetorically when would be an appropriate time to talk about why he cannot have children.,,"Darius, Alfred Paper Boy, Earn",no,When is an appropriate time to talk about my balls getting smashed?,Darius,outdoor,outdoor couch,The Outdoor Couch
18979,759.1600000000001,"Earn replies that apparently now is the time to talk about it. He then turns to Alfred Paper Boy and argues that he will have difficulty selling his music because he is old, does not have a fan base, is not white, and is not selling sex.",Earn is taken aback by Darius's comment and replies sarcastically.,Earn,no,"Right now, apparently. Look, I'm not dumb. You're older, you have no real fan base. You're not white and/or selling sex.",Earn,outdoor,outdoor couch,The Outdoor Couch
19168,766.72,"Alfred Paper Boy, leaning back on the couch in the grass, scoffs and says he does sell sex. He turns to Darius and tells him to play one of his songs.",,"Alfred Paper Boy, Darius",no,"I sell sex, man. Hey, track twenty-eight, man.",Alfred Paper Boy,outdoor,outdoor couch,The Outdoor Couch
19242,769.6800000000001,"Darius puts the blunt (marijuana cigar) in his mouth, picks up his phone, and starts to play a song.",,"Alfred Paper Boy, Darius",no,Yeah,Darius,outdoor,outdoor couch,The Outdoor Couch
19309,772.36,The three men sit on the couch in the grass. Alfred Paper Boy's song starts playing on Darius's phone. Darius starts moving to the beat.,,"Earn, Alfred Paper Boy, Darius",yes,"Woo! ""Yeah. Come on. Ayy.""","Darius, Alfred Paper Boy",outdoor,outdoor couch,The Outdoor Couch
19493,779.72,"Darius dances, holding his phone and the blunt (marijuana cigar). Alfred Paper Boy starts rapping along to his song.",,"Darius, Alfred Paper Boy, Earn",yes,"Muckin'. Muckin', that's massaging. Fuckin'",Alfred Paper Boy,outdoor,outdoor couch,The Outdoor Couch
19611,784.44,Alfred Paper Boy cuts himself off and starts explain that the song is about a massage that turns into sex. The music stops and Darius puts the phone down. Earn cuts him off and says he understands it.,,"Darius, Alfred Paper Boy, Earn",yes,"See the concept is a massage but it turns ""I get the concept.""","Alfred Paper Boy, Earn",outdoor,outdoor couch,The Outdoor Couch
19662,786.48,Earn starts analyzing Alfred Paper Boy's music and advises him to cut the skits out of his mixtape,,Earn,no,"Okay, twenty-eight tracks, a lot of skits. I'd cut them.",Earn,outdoor,outdoor couch,The Outdoor Couch
19750,790.0,"Darius disagrees, saying the skits are different",,"Darius, Alfred Paper Boy",no,"Nah, but this is different.",Darius,outdoor,outdoor couch,The Outdoor Couch
19780,791.2,Alfred Paper Boy hits the blunt (marijuana cigar) again and agrees with Darius.,,"Darius, Alfred Paper Boy",no,"Yeah, mine are really good.",Alfred Paper Boy,outdoor,outdoor couch,The Outdoor Couch
19809,792.36,Earn replies flippantly that he would still cut the skits out,,Earn,no,I'd still cut them,Earn,outdoor,outdoor couch,The Outdoor Couch
19846,793.84,Alfred Paper Boy looks at Earn and tells him he is not his manager,Alfred Paper Boy is offended and frustrated that Earn does not like his music and is trying to tell him what to do,Alfred Paper Boy,no,"Well you not my manager, Earn",Alfred Paper Boy,outdoor,outdoor couch,The Outdoor Couch
19914,796.5600000000001,Alfred Paper Boy and Darius stand up from the couch in the grass and start to walk away,,"Alfred Paper Boy, Darius, Earn",no,,,outdoor,outdoor couch,The Outdoor Couch
19972,798.88,Earn stands up from the couch and follows after them,,"Alfred Paper Boy, Darius, Earn",no,,,outdoor,outdoor couch,The Outdoor Couch
20045,801.8000000000001,"Earn continues trying to argue his case, saying he still has connections that could benefit Alfred Paper Boy. Alfred Paper Boy smokes and passes the blunt (marijuana cigar) to Darius.",,"Earn, Alfred Paper Boy, Darius",no,"I still know people at Diamond House. Promoters, people who manage big-time artists now, man.",Earn,outdoor,outdoor couch,The Outdoor Couch
20183,807.32,"The three walk back toward Alfred Paper Boy's apartment. Alfred Paper Boy says Earn is acting like he's saving him, when really Alfred Paper Boy would be the one helping Earn by giving him a job. Darius blows smoke above his head and blows",Alfred Paper Boy is annoyed with Earn,"Alfred Paper Boy, Earn, Darius",no,"Oh boy, you think you slick, you coming in here acting like you saving me when really I'm saving you, again.",Alfred Paper Boy,outdoor,outside Alfred Paper Boy's apartment,The Outdoor Couch
20305,812.2,Earn tells Alfred Paper Boy he is trying to help him.,,"Earn, Darius, Alfred Paper Boy",no,Nigga I'm tryna help you!,Earn,outdoor,outside Alfred Paper Boy's apartment,The Outdoor Couch
20332,813.2800000000001,"Alfred Paper Boy turns around and gets in Earn's face. He accuses him of only caring about him when he wants to get rich, and tells him to leave.",Alfred Paper Boy is angry at Earn and thinks he is selfish,"Alfred Paper Boy, Earn",no,"Man, nigga, I ain't seen or heard from you since my mom funeral. And the first thing I hear out your mouth is 'let's get rich.' Walk, man.",Alfred Paper Boy,outdoor,outside Alfred Paper Boy's apartment,The Outdoor Couch
20503,820.12,Earn stands motionless and stares after Alfred Paper Boy,Earn realizes Alfred Paper Boy made a good point,Earn,no,,,outdoor,outside Alfred Paper Boy's apartment,The Outdoor Couch
20579,823.1600000000001,BLACK SCREEN 3,,,no,,,,,
20600,824.0,"Dave, a young white male wearing a lanyard, opens the door and gets out of his car. Earn walks through the parking lot toward Dave.",,"Dave, Earn",no,,,outdoor,radio station parking lot,Meeting Dave in the Radio Station Parking Lot
20764,830.5600000000001,Dave takes drinks out of his car and puts them on the roof. Earn greets Dave.,,"Earn, Dave",no,"'Sup, dude?",Earn,outdoor,radio station parking lot,Meeting Dave in the Radio Station Parking Lot
20810,832.4000000000001,"Dave recognizes earn and greets him. The two shake hands and hug briefly.""",Earn and Dave know each other from somewhere in the past,"Earn, Dave",no,"Earn? Yo, what's up, man?!",Dave,outdoor,radio station parking lot,Meeting Dave in the Radio Station Parking Lot
20913,836.5200000000001,"Dave looks over his shoulder, points, and asks Earn if he just came from a dumpster nearby.",,"Earn, Dave",no,You just come from that dumpster?,Dave,outdoor,radio station parking lot,Meeting Dave in the Radio Station Parking Lot
20954,838.1600000000001,Earn says he was not behind the dumpster and asks Dave how he is doing.,Earn finds the question weird but brushes it off quickly.,"Earn, Dave",no,No. How are you?,Earn,indoor,Alfred Paper Boy's apartment,Meeting Dave in the Radio Station Parking Lot
21002,840.08,Dave says he did not know Earn was in town. Earn says he has been staying quiet and not getting out much.,,"Earn, Dave",no,"Oh, yo, I'm good, man. I didn't know you were in town! ""Ah, yeah, I've been low-key, man.""","Dave, Earn",outdoor,radio station parking lot,Meeting Dave in the Radio Station Parking Lot
21082,843.2800000000001,"Dave says he would've invited Earn to a party if he had known he was in town.""",,"Earn, Dave",no,"Yo, obviously. Aww, dude, if I knew you was in town, I would've hit you up for this party last night.",Dave,outdoor,radio station parking lot,Meeting Dave in the Radio Station Parking Lot
21163,846.5200000000001,Dave continues talking and says the party needed a real DJ. Earn listens patiently.,"Earn is not interested in what Dave is saying, but Dave will not stop talking, so Earn pretends to be interested and waits for him to finish.",Earn,no,"Yo, we needed a real DJ. This dude",Dave,outdoor,radio station parking lot,Meeting Dave in the Radio Station Parking Lot
21253,850.12,The two stand in the parking lot while Dave continues talking about the DJ at the party,,Dave,no,"he can't spin worth a shit, but then goes and he plays Flo Rida",Dave,outdoor,radio station parking lot,Meeting Dave in the Radio Station Parking Lot
21344,853.7600000000001,Earn grins and replies.,Earn is pretending to be interested in Dave's story.,Earn,no,No!,Earn,outdoor,radio station parking lot,Meeting Dave in the Radio Station Parking Lot
21364,854.5600000000001,Dave keeps talking about the DJ.,Earn continues pretending to be interested,Earn,no,Back to back.,Dave,outdoor,radio station parking lot,Meeting Dave in the Radio Station Parking Lot
21398,855.9200000000001,Dave says that he pulled the DJ aside to talk to him,"Dave casually uses the ""n-word"" despite being white, and despite speaking to a black person","Dave, Earn",no,"So I calmly pull him aside and I'm just like, 'really, nigga?'",Dave,outdoor,radio station parking lot,Meeting Dave in the Radio Station Parking Lot
21471,858.84,Earn asks if Dave really said that,"Earn awkwardly laughs and casually asks if Dave said that, but is internally taken aback and surprised he said ""nigga,"" especially around him",Earn,no,You actually said that?,Earn,outdoor,radio station parking lot,Meeting Dave in the Radio Station Parking Lot
21532,861.2800000000001,Dave says he had tell the DJ that,"Dave does not understand Earns question because he does not see anything wrong with him saying the n-word (""nigga""), either at all or in conversation with Earn","Dave, Earn",no,"Yeah, man, I had to!",Dave,outdoor,radio station parking lot,Meeting Dave in the Radio Station Parking Lot
21556,862.24,"Earn pauses, then changes to subject and asks if Dave has heard of Paper Boy","Earn is surprised and taken aback that Dave would say the n-word (""nigga"") and think it was okay for him to use or say to Earn. He uncomfortably replies, then quickly changes the subject",Earn,no,"Cool. You know that song, 'Paper Boy'?",Earn,outdoor,radio station parking lot,Meeting Dave in the Radio Station Parking Lot
21634,865.36,Dave says he has heard Paper Boy and that the streets love it.,"Dave seems to reference ""the streets"" as separate from other listeners or people","Dave, Earn",no,"Yeah, Paper Boy by Paper Boy, yeah, I've heard it. Shit's fire, dude, the streets love it.",Earn,outdoor,radio station parking lot,Meeting Dave in the Radio Station Parking Lot
21717,868.6800000000001,Earn tells Dave he should play Paper Boy on the radio.,Earn tries to convince Dave to play the song.,Earn,no,Y'all should play it.,Earn,outdoor,radio station parking lot,Meeting Dave in the Radio Station Parking Lot
21739,869.5600000000001,Dave agrees with Earn.,Dave says he should play Alfred Paper Boy's song but makes no promises to do so.,"Dave, Earn",no,"Yeah, for real.",Dave,outdoor,radio station parking lot,Meeting Dave in the Radio Station Parking Lot
21781,871.24,Earn repeats his suggestion that Dave play Paper Boy on the radio,,"Earn, Dave",no,Yeah. You guys should really play it.,Earn,outdoor,radio station parking lot,Meeting Dave in the Radio Station Parking Lot
21869,874.7600000000001,"Dave replies that KP, the radio station owner, determines what music is played. Dave turns to his car and grabs the drinks on the roof.",,"Earn, Dave",no,"Yeah, I mean, KP picks all the music.",Dave,outdoor,radio station parking lot,Meeting Dave in the Radio Station Parking Lot
21924,876.96,Dave starts to walk away. Earn tells Dave to show KP the song and ask him to play it.,,"Earn, Dave",no,"Well, slide it past him.",Earn,outdoor,radio station parking lot,Meeting Dave in the Radio Station Parking Lot
21950,878.0,Dave says KP will play a song if someone pays him upfront.,Dave is suggesting Earn bribe him to play the song,"Earn, Dave",no,"I mean, KP will usually spin some records for some scratch up top.",Dave,outdoor,radio station parking lot,Meeting Dave in the Radio Station Parking Lot
22032,881.2800000000001,Earn walks after Dave. Earn asks how much money Dave and KP want to play Paper Boy's song.,,"Earn, Dave",no,How much?,Earn,outdoor,radio station parking lot,Meeting Dave in the Radio Station Parking Lot
22062,882.48,Dave tells him KP would want five hundred dollars to play the song.,Dave is asking for a bribe to do Earn a favor,"Dave, Earn",no,Half a stack.,Dave,outdoor,radio station parking lot,Meeting Dave in the Radio Station Parking Lot
22090,883.6,Earn and Dave walk toward the radio station. Earn questions the high price.,Earn is surprised Dave wants so much money.,"Earn, Dave",no,Five hundred dollars? Am I buying the station?,Earn,outdoor,radio station parking lot,Meeting Dave in the Radio Station Parking Lot
22169,886.7600000000001,"Earn and Dave walk through the parking lot, Dave carrying the drinks. Dave waves to people he knows and says that connections are important.",,"Earn, Dave",no,Everything is who you know.,Dave,outdoor,radio station parking lot,Meeting Dave in the Radio Station Parking Lot
22199,887.96,"Earn asks Dave to introduce him to his boss, KP.",,"Earn, Dave",no,Then introduce me.,Earn,outdoor,radio station parking lot,Meeting Dave in the Radio Station Parking Lot
22225,889.0,Dave looks at Earn and says he will introduce every person in the city who makes music to his boss.,Dave is being sarcastic.,"Dave, Earn",no,"Yeah, I'm gonna introduce every dude in Atlanta with a mixtape to my boss, c'mon.",Dave,outdoor,radio station parking lot,Meeting Dave in the Radio Station Parking Lot
22300,892.0,"Earn argues he is not just some random person with a mixtape, he is Dave's friend.",,"Earn, Dave",no,I'm not every dude.,Earn,outdoor,radio station parking lot,Meeting Dave in the Radio Station Parking Lot
22328,893.12,Dave turns around to look at Earn and tells him he is basically every person who asks for this.,"To Dave, there is nothing special about Earn.","Dave, Earn",no,"Uh,  you kind of are.",Dave,outdoor,radio station parking lot,Meeting Dave in the Radio Station Parking Lot
22375,895.0,"Earn says he does not have five hundred dollars to pay Dave because of his situation with work, rent, and parents. He compares his situation to a drug commercial, except not funny.",,"Earn, Dave",no,"Look, I don't have five hundred dollars. I make five fifteen plus commission. I've gotta pay rent tonight, and my parents won't let me in the house. It's like those drug commercials, except not funny.",Earn,outdoor,radio station parking lot,Meeting Dave in the Radio Station Parking Lot
22598,903.92,"Dave responds that he is getting Earn a good price, and that it usually costs one thousand dollars. He again uses the n-word (""nigga""), casually.",Earn is again caught off guard by Dave's casual use of racist language despite being white and despite talking to a black person,"Earn, Dave",no,"Man, you know how niggas out here are. He usually charges a full stack.",Dave,outdoor,radio station parking lot,Meeting Dave in the Radio Station Parking Lot
22685,907.4,"Earn pointedly asks why he is lucky and gets a discount, and how this deal benefits Dave","Earn does not believe KP wants the money, he thinks Dave is trying to make money off of him.","Earn, Dave",no,And what's in it for you? Why am I so lucky? What's your cut?,Earn,outdoor,radio station parking lot,Meeting Dave in the Radio Station Parking Lot
22775,911.0,Dave denies taking any money for himself,,"Dave, Earn",no,"Oh, I'm not about that, I'm too busy, man. I mean, it's just business",Dave,outdoor,radio station parking lot,Meeting Dave in the Radio Station Parking Lot
22844,913.76,Dave says he will pass the money onto KP for Earn. Earn stares at him.,,"Dave, Earn",no,"You give me the money, I pass it onto KP.",Dave,outdoor,radio station parking lot,Meeting Dave in the Radio Station Parking Lot
22913,916.52,Dave says it's fine that Earn cannot pay to have Paper Boy's song played. He says Earn should stay out of the gross music business.,"Dave is being condescending, and possibly taunting Earn",Dave,no,"You know, it's probably for the best. I mean, music business is gross.",Dave,outdoor,radio station parking lot,Meeting Dave in the Radio Station Parking Lot
23005,920.2,Earn stares at Dave silently. Dave starts to say goodbye and leave,,"Earn, Dave",no,"Alright man, well you know, it was great seeing you.",Dave,outdoor,radio station parking lot,Meeting Dave in the Radio Station Parking Lot
23071,922.84,"Dave says he's taking over for another DJ, Speedy, that night. He reaches out his fist to Earn, then turns and walks away. Three black men walk out of the radio station behind Dave. Earn awkwardly, silently raises his arm and fist to Dave.",Earn is still confused by his strange interaction with Dave,"Earn, Dave",no,"I'm taking over for Speedy tonight, alright? Keep it locked.",Dave,outdoor,radio station parking lot,Meeting Dave in the Radio Station Parking Lot
23209,928.36,"Dave walks toward the building, and greets and shakes hands with the three men walking out. Earn watches him. A custodian pushing a garbage dumpster walks past.","Dave conspicuously does not use the n-word (""nigga"") with the three men he greets, instead calling them ""dude"" and ""bro""","Dave, Earn, Prince the Janitor",no,"What's up, my dudes? What's up, bro?",Dave,outdoor,radio station parking lot,Meeting Dave in the Radio Station Parking Lot
23328,933.12,"The gets the attention of the custodian pushing the garbage dumpster, and he stops",,"Earn, Prince the Janitor",no,Hey. Hey.,Earn,outdoor,radio station parking lot,Meeting Dave in the Radio Station Parking Lot
23369,934.76,"Earn asks Prince if Dave ever uses the n-word (""nigga"") with him around.","Earn notices Dave does not use racist language with other black people, and wonders if it is just with him",Earn,no,That guy ever say 'nigga' around you?,Earn,outdoor,radio station parking lot,Meeting Dave in the Radio Station Parking Lot
23445,937.8,"Prince looks from over from the garbage dumpster at Dave walking in the door, then back at Earn. He says Dave does not use that language around him, and if he did, he'd beat him up.","Earn and Prince have no problem using the n-word (""nigga"") with each other, but Prince would never accept a white man using it toward him.","Prince the Janitor, Dave",no,"Yeah, right. I'd break my foot in his ass.",Prince the Janitor,outdoor,radio station parking lot,Meeting Dave in the Radio Station Parking Lot
23559,942.36,"Earn walks toward Prince and the garbage dumpster, and asks Prince his name",Earn's suspicion that Dave only uses that language with him is confirmed,Earn,no,"Right. Hey, um, what's your name?",Earn,outdoor,radio station parking lot,Meeting Dave in the Radio Station Parking Lot
23659,946.36,Prince tells Earn his name,"Prince and Earn seem to get along well, immediately","Earn, Prince the Janitor",no,"Prince, man.",Prince the Janitor,outdoor,radio station parking lot,Meeting Dave in the Radio Station Parking Lot
23692,947.68,Prince the Janitor and Earn shake hands. Earn asks if that is really his name.,"Prince and Earn seem to get along well, immediately.","Earn, Prince the Janitor",no,For real?,Earn,outdoor,radio station parking lot,Meeting Dave in the Radio Station Parking Lot
23718,948.72,Earn and Prince the Janitor shake hands. Prince the Janitor says that really is his name.,"Prince and Earn seem to get along well, immediately","Earn, Prince the Janitor",no,Yeah.,Prince the Janitor,outdoor,radio station parking lot,Meeting Dave in the Radio Station Parking Lot
23738,949.52,Earn asks Prince how late he is working at the radio station that night,Earn is hatching a plan to get into the radio station,"Earn, Prince the Janitor",no,"Hey, how late are you here tonight?",Earn,outdoor,radio station parking lot,Meeting Dave in the Radio Station Parking Lot
23800,952.0,"Earn's mother plays with Lottie outside Earn's parents' house on the front lawn. Earn's father walks out the front door, holding a drink. Loud rap music plays in the background.",,"Mom, Dad, Lottie",yes,,,outdoor,Earn's parents' house,Alfred Paper Boy Visits Earn's Parents
23910,956.4,A white car pulls into the driveway as Earn's mother plays with Lottie. The loud music is coming from the car. Earn's father laughs and walks over to the car.,Earn's father recognizes the people in the car.,"Mom, Dad, Lottie",yes,,,outdoor,Earn's parents' house,Alfred Paper Boy Visits Earn's Parents
24101,964.04,"Alfred Paper Boy and Darius are sitting in the car. Alfred Paper Boy opens the door, gets out, and greets Earn's father (his uncle).",,"Alfred Paper Boy, Darius",no,"What's up, uncle Riley?",Alfred Paper Boy,outdoor,Earn's parents' house,Alfred Paper Boy Visits Earn's Parents
24143,965.72,Earn's father walks toward the car and greets Alfred Paper Boy,"Earn's father is happy to see Alfred Paper Boy, and acts much nicer toward him than he does toward Earn",Dad,no,"Hey, what's going on, Al?",Dad,outdoor,Earn's parents' house,Alfred Paper Boy Visits Earn's Parents
24178,967.12,"Alfred Paper Boy responds to Earn's father and greets Earn's mother, his aunt.",,Alfred Paper Boy,no,"Man, you know. Hey! Hey, auntie!","Alfred Paper Boy, Dad",outdoor,Earn's parents' house,Alfred Paper Boy Visits Earn's Parents
24239,969.56,Earn's mother picks up Lottie. Alfred Paper Boy greets Lottie,,"Mom, Lottie",no,"Oh, hey Lottie!","Alfred Paper Boy, Dad",outdoor,Earn's parents' house,Alfred Paper Boy Visits Earn's Parents
24281,971.24,Alfred Paper Boy asks Earn's mother to bring Lottie over to him so he can say hi. She refuses.,,Alfred Paper Boy,no,"Hey, bring Lottie over here, let me say hey to my cousin.",Alfred Paper Boy,outdoor,Earn's parents' house,Alfred Paper Boy Visits Earn's Parents
24353,974.12,Earn's mother says she will not bring Lottie closer because she can smell the marijuana on Alfred Paper Boy and his car,,"Mom, Lottie, Dad",no,She getting a contact high from here.,Mom,outdoor,Earn's parents' house,Alfred Paper Boy Visits Earn's Parents
24405,976.2,Alfred Paper Boy playfully denies that the smell is marijuana and says it is the new leather in his car.,,Alfred Paper Boy,no,"Contact high. That's that new leather you smelling, you smelling it wrong!",Alfred Paper Boy,outdoor,Earn's parents' house,Alfred Paper Boy Visits Earn's Parents
24518,980.72,Earn's mother does not believe Alfred Paper Boy and retorts,,"Mom, Lottie",no,"Yeah, well, I'm smelling it around your head",Mom,outdoor,Earn's parents' house,Alfred Paper Boy Visits Earn's Parents
24557,982.28,Alfred Paper Boy asks what Earn's mother said.,Alfred Paper Boy is slightly offended.,"Alfred Paper Boy, Dad",no,Say what?,Alfred Paper Boy,outdoor,Earn's parents' house,Alfred Paper Boy Visits Earn's Parents
24578,983.12,Earn's father greets Darius.,,"Dad, Alfred Paper Boy",no,Hey.,Dad,outdoor,Earn's parents' house,Alfred Paper Boy Visits Earn's Parents
24591,983.64,Alfred Paper Boy tells Earn's father that his wife is weird.,,"Alfred Paper Boy, Dad",no,"You got a weird wife, you know that, homie?",Alfred Paper Boy,outdoor,Earn's parents' house,Alfred Paper Boy Visits Earn's Parents
24640,985.6,Darius introduces himself to Earn's father and asks if he can measure their tree.,,"Darius, Alfred Paper Boy, Dad",no,"Hey, um, hey, look, I know you don't know me, but my name's Darius. Um, I was just wondering, can I measure your tree?",Darius,outdoor,Earn's parents' house,Alfred Paper Boy Visits Earn's Parents
24813,992.52,Darius stares out of the car at the tree,,"Darius, Alfred Paper Boy, Dad",no,,,outdoor,Earn's parents' house,Alfred Paper Boy Visits Earn's Parents
24851,994.04,"Earn's father stares at Darius, looks at Alfred Paper Boy, looks back at his wife, looks at the tree, and finally says Darius cannot measure it right now.",Earn's father is confused by Darius's question,"Dad, Darius",no,"No, not right now.",Dad,outdoor,Earn's parents' house,Alfred Paper Boy Visits Earn's Parents
24978,999.12,Alfred Paper Boy looks at Darius. Darius sits back in the car and says that answer basically means no. Alfred Paper Boy looks up at Earn's father.,Darius feels sad and dejected that he cannot measure the tree,"Darius, Alfred Paper Boy, Dad",no,"Not right now? That basically means 'no,' man.",Darius,outdoor,Earn's parents' house,Alfred Paper Boy Visits Earn's Parents
25076,1003.04,Alfred Paper Boy looks at Earn's father and says he has a question. Earn's father looks up at Alfred Paper Boy,Earn's father is still confused and taken aback by Darius,"Dad, Alfred Paper Boy",no,"Look, I got a question.",Alfred Paper Boy,outdoor,Earn's parents' house,Alfred Paper Boy Visits Earn's Parents
25127,1005.08,Alfred Paper Boy tells Earn's father that Earn wants to manage him.,,Alfred Paper Boy,no,"So, Earn wanna manage me.",Alfred Paper Boy,outdoor,Earn's parents' house,Alfred Paper Boy Visits Earn's Parents
25214,1008.56,"Earn's father asks ""really?"". Alfred Paper Boy laughs.",Earn's father is surprised,"Dad, Alfred Paper Boy",no,Really?,Dad,outdoor,Earn's parents' house,Alfred Paper Boy Visits Earn's Parents
25253,1010.12,Alfred Paper Boy says he does not trust Earn,,Alfred Paper Boy,no,"I don't trust him, no offense.",Alfred Paper Boy,outdoor,Earn's parents' house,Alfred Paper Boy Visits Earn's Parents
25312,1012.48,Earn's father says he understands.,Neither man thinks Earn is trustworthy. Earn must have done something in the past to lose their trust.,"Dad, Alfred Paper Boy",no,I understand.,Dad,outdoor,Earn's parents' house,Alfred Paper Boy Visits Earn's Parents
25341,1013.64,Alfred Paper Boy says it is wrong that he feels he cannot trust Earn.,Neither man thinks Earn is trustworthy. Earn must have done something in the past to break their trust.,Dad,no,That's what's messed up.,Alfred Paper Boy,outdoor,Earn's parents' house,Alfred Paper Boy Visits Earn's Parents
25365,1014.6,"Alfred Paper Boy tells Earn's father he does not feel like he knows Earn anymore. On screen, Earn digs through a shoebox in a bag. He pulls a wad of bills out of a shoe.",,Earn,yes,I don't really think I know Earn anymore.,Alfred Paper Boy,indoor,Earn's apartment,Alfred Paper Boy Visits Earn's Parents
25494,1019.76,"Alfred Paper Boy asks Earn's father about Earn leaving college at Princeton. Meanwhile, Earn walks into the radio station.",,Earn,yes,"Like, what happened at Princeton?",Alfred Paper Boy,outdoor,Radio station parking lot,Alfred Paper Boy Visits Earn's Parents
25543,1021.72,"Earn's father says he never asked about Princeton, and that Earn would tell Alfred Paper Boy before him. Meanwhile, Earn walks into the radio station.",,Earn,yes,I never asked. He'd tell you before me.,Dad,outdoor,Radio station parking lot,Alfred Paper Boy Visits Earn's Parents
25657,1026.28,"Alfred Paper Boy says Earn is good at keeping his mouth shut. Meanwhile, Prince, the radio station custodian, unlocks the door to the radio booth and lets Earn inside.",,"Earn, Prince the Janitor",yes,"No, Earn's good at keeping his mouth shut.",Alfred Paper Boy,indoor,Radio station,Alfred Paper Boy Visits Earn's Parents
25767,1030.68,"Dave is in the radio booth, speaking into a mic while music plays on the radio",,Dave,yes,,,indoor,Radio station,Alfred Paper Boy Visits Earn's Parents
25844,1033.76,Earn walks up to the booth and taps on the glass with the CD and money,,Earn,yes,,,indoor,Radio station,Alfred Paper Boy Visits Earn's Parents
25909,1036.359999999,Dave motions for Earn to come inside and give him the money.,,Dave,yes,,,indoor,Radio station,Alfred Paper Boy Visits Earn's Parents
25957,1038.28,"Earn does not give the money to Dave, but instead looks at him and walks past.",Earn knows Dave would keep the money for himself and is not going to give it to him. Earn taunts Dave with the money.,"Earn, Dave",yes,,,indoor,Radio station,Alfred Paper Boy Visits Earn's Parents
26010,1040.4,Dave looks at Earn as he walks away,Dave is surprised and taken aback that Earn is giving the money to KP instead,Dave,yes,,,indoor,Radio station,Alfred Paper Boy Visits Earn's Parents
26069,1042.76,Earn walks up to a door that says Kyle P. and slips an envelope with the CD and money under the door.,"Earn knows Dave would keep the money for himself, and gives it to KP instead",Earn,yes,,,indoor,Radio station,Alfred Paper Boy Visits Earn's Parents
26299,1051.96,"Earn's father tells Alfred Paper Boy that Earn is trying like everyone else. Meanwhile, Earn stands up and looks at the sign that says ""Kyle P.""",,Earn,yes,Earn trying like the rest of us.,Dad,indoor,Radio station,Alfred Paper Boy Visits Earn's Parents
26348,1053.92,"Back at Earn's parents' house, his father tells Alfred Paper Boy Earn gets things done when he wants to.","Earn's father may not particularly respect Earn, but he has faith in him.","Dad, Alfred",no,"But when he wants to do something, he does it.",Dad,outdoor,Earn's parents' house,Alfred Paper Boy Visits Earn's Parents
26443,1057.72,Earn's father says Earn does things on his terms. Alfred Paper Boy nods.,Alfred Paper Boy is convinced Earn would be a good manager.,Alfred Paper Boy,no,on his terms.,Dad,outdoor,Earn's parents' house,Alfred Paper Boy Visits Earn's Parents
26535,1061.4,"Earn sits on a bus, holding his sleeping daughter, Lottie. Earn and Lottie are both wearing headphones, listening to music. Earn looks down at Lottie.",,"Earn, Lottie",yes,,,outdoor,The bus,The Strange Man on the Bus
26624,1064.96,"Earn looks up from his sleeping daughter, Lottie, and then looks at the man across the aisle.",,"Earn, Lottie",yes,,,outdoor,The bus,The Strange Man on the Bus
26774,1070.96,"A bald, black man in a suit sits across from Earn. He tells Earn that his mind is racing.",The man,Strange Man,yes,Your mind's racing.,Strange Man,outdoor,The bus,The Strange Man on the Bus
26869,1074.76,The strange man looks at Earn and speaks,,Strange Man,yes,"Tell me, yo.",Strange Man,outdoor,The bus,The Strange Man on the Bus
26941,1077.64,Earn looks at the strange man. The strange man walks over and sits down next to Earn.,,"Earn, Lottie, Strange Man",yes,,,outdoor,The bus,The Strange Man on the Bus
27089,1083.5600000000002,Earn takes off his headphones and looks at the stranger. Earn rolls his eyes.,Earn is at first annoyed the stranger is trying to talk to him,"Earn, Lottie, Strange Man",no,,,outdoor,The bus,The Strange Man on the Bus
27210,1088.4,The stranger pulls a jar of Nutella out of his pocket and unscrews the lid. Earn looks at him and says he feels like he always loses.,Earn opens up to the stranger,"Strange Man, Earn, Lottie",no,I just keep losing.,Earn,outdoor,The bus,The Strange Man on the Bus
27339,1093.5600000000002,Earn wonders if some people are just meant to always lose so that others can win.,Earn feels like the universe is against him.,"Earn, Lottie, Strange Man",no,"I mean, are some people just supposed to lose?",Earn,outdoor,The bus,The Strange Man on the Bus
27505,1100.2,Earn wonders if his constant bad luck is the universe balancing itself for others' good luck,Earn feels it is his purpose to be a perpetual loser.,"Earn, Lottie, Strange Man",no,"For balance in the universe, I mean.",Earn,outdoor,The bus,The Strange Man on the Bus
27602,1104.0800000000002,Earn continues wondering aloud to the stranger about his luck and balance. The stranger spreads Nutella on bread with a plastic knife to make a sandwich.,,"Earn, Strange Man",no,Like are there just some people on Earth who,Earn,outdoor,The bus,The Strange Man on the Bus
27691,1107.64,Earn wonders aloud if his purpose is to make life easier for people who win as much as he loses. The stranger continues spreading Nutella on bread to make a sandwich.,,"Earn, Strange Man",no,are supposed to be here just to make it easier for the winners.,Earn,outdoor,The bus,The Strange Man on the Bus
27820,1112.8000000000002,Earn finishes speaking and reaches down to touch Lottie's hand. The stranger finishes spreading the Nutella on the bread and puts the knife down.,,"Strange Man, Earn, Lottie",no,"Like, really.",Earn,outdoor,The bus,The Strange Man on the Bus
27920,1116.8000000000002,"Earn looks down at Lottie. The stranger puts the two pieces of bread together to make a sandwich and begins to explain to Earn the nature of life, struggle, and resistance. Earn turns to look at the stranger",,"Strange Man, Earn, Lottie",no,"Resistance is the symptom of the way things are,",Strange Man,outdoor,The bus,The Strange Man on the Bus
28041,1121.64,Earn looks sideways at the stranger and narrows his eyes. The stranger continues speaking about resistance and the way things are.,Earn is curious about who the strange man is,"Earn, Lottie, Strange Man",no,not the way things necessarily should be.,Strange Man,outdoor,The bus,The Strange Man on the Bus
28141,1125.64,The stranger tells Earn that victory is ignoring failure,,"Earn, Lottie, Strange Man",no,Actual victory belongs to things that simply do not see failure.,Strange Man,outdoor,The bus,The Strange Man on the Bus
28289,1131.5600000000002,The stranger essentially tells Earn to go with the flow and let events guide him.,,"Strange Man, Earn",no,Let the path push you like a broken branch in a river's current.,Strange Man,outdoor,The bus,The Strange Man on the Bus
28407,1136.28,"Earn politely tells the stranger he does not need that advice, thanks him, and turns away.","Earn misunderstands the stranger, and thinks the man is giving him advice on how to pick up women","Earn, Lottie, Strange Man",no,"Nah, nah, I'm not going out like that, but thanks for the advice.",Earn,outdoor,The bus,The Strange Man on the Bus
28549,1141.96,"Earn nods and turns away from the stranger to look at his daughter, Lottie",,"Earn, Lottie, Strange Man",no,,,outdoor,The bus,The Strange Man on the Bus
28617,1144.68,"The stranger turns and reaches toward Earn, holding the sandwich, and tells him to bite it",,"Strange Man, Earn",no,Bite the sandwich.,Strange Man,outdoor,The bus,The Strange Man on the Bus
28694,1147.76,Earn turns and looks at the sandwich,Earn is confused by the stranger's request,"Earn, Lottie, Strange Man",no,,,outdoor,The bus,The Strange Man on the Bus
28731,1149.24,Earn turns down the stranger's request to bite the sandwich,"Earn is confused, puzzled","Earn, Lottie, Strange Man",no,"No, I'm good, man.",Earn,outdoor,The bus,The Strange Man on the Bus
28845,1153.8000000000002,The stranger pressures Earn and insists he bite the sandwich,,"Strange Man, Earn",no,"Nigga, if you don't bite this sandwich",Strange Man,outdoor,The bus,The Strange Man on the Bus
28945,1157.8000000000002,"A police car drives past the bus with its lights flashing and siren on. Earn turns to look at the police car, then looks down at Lottie",,"Strange Man, Earn",no,,,outdoor,The bus,The Strange Man on the Bus
29073,1162.92,"Earn turns back to look at the stranger, but he is gone. The jar of Nutella is still sitting on the empty seat.",,"Earn, Lottie",no,,,outdoor,The bus,The Strange Man on the Bus
29151,1166.04,Earn sits up and looks out the window of the bus.,,"Earn, Lottie",no,,,outdoor,The bus,The Strange Man on the Bus
29220,1168.8000000000002,"The stranger walks off into the woods, followed by a dog",The dog with the stranger is the dog from the opening scene,Strange Man,no,,,outdoor,The bus,The Strange Man on the Bus
29347,1173.88,"Earn sits back on his seat, holding Lottie.",Earn is confused by the interaction with the stranger.,"Earn, Lottie",no,,,outdoor,The bus,A Call from Alfred
29400,1176.0,Earn looks down at his sleeping daughter,,"Earn, Lottie",no,,,outdoor,The bus,A Call from Alfred
29533,1181.3200000000002,Earn gently pulls Lottie's headphones off and picks up his phones.,,"Earn, Lottie",no,,,outdoor,The bus,A Call from Alfred
29747,1189.88,Earn types on his phone while holding Lottie,,"Earn, Lottie",no,,,outdoor,The bus,A Call from Alfred
29856,1194.24,"Earn sends a text to his girlfriend, Van, saying ""I love you. Can we talk tonight?""",,Earn,no,,,outdoor,The bus,A Call from Alfred
29982,1199.28,Earn looks up from his phone at the ceiling,,Earn,no,,,outdoor,The bus,A Call from Alfred
30069,1202.76,Earn looks back at his phone and is about to send the text message to Val when Alfred Paper Boy calls him,,Earn,no,,,outdoor,The bus,A Call from Alfred
30163,1206.52,"Earn looks around, pulls his headphones out of the phone, and answers",,"Earn, Lottie",no,,,outdoor,The bus,A Call from Alfred
30250,1210.0,Earn answers the phone.,,"Earn, Lottie",no,Hello?,Earn,outdoor,The bus,A Call from Alfred
30286,1211.44,Alfred Paper Boy asks him if he hears the song playing in the background,Alfred Paper Boy is excited.,"Earn, Lottie",no,"Hey! Hey, man, you hear that?",Alfred Paper Boy,outdoor,The bus,A Call from Alfred
30338,1213.52,Earn cannot hear the music and asks what Alfred paper Boy is talking about,,"Earn, Lottie",no,Hear what?,Earn,outdoor,The bus,A Call from Alfred
30393,1215.72,Alfred Paper Boy turns to Darius and tells him to turn up the volume of the song,,Alfred Paper Boy,yes,"Hey, turn it up, man, turn it up.",Alfred Paper Boy,outdoor,Convenience store parking lot,A Call from Alfred
30451,1218.04,Darius leans forward and turns up the volume. Darius asks Alfred Paper Boy to tell Earn he drew his father's tree,,"Alfred Paper Boy, Darius",yes,"Hey, man, tell him I sketched Uncle Riley's",Darius,outdoor,Convenience store parking lot,A Call from Alfred
30510,1220.4,"Alfred Paper Boy shouts into the phone that his song, Paper Boy, is playing",,"Alfred Paper Boy, Darius",yes,"Paper Boy, boy!",Alfred Paper Boy,outdoor,Convenience store parking lot,A Call from Alfred
30545,1221.8000000000002,"Earn smiles, laughs, looks around, and remarks how quickly Alfred Paper Boy's song made it on the radio",Earn knows he is responsible for the song playing on the radio and is pleased with himself,"Earn, Lottie",yes,"Wow, that was quick.",Earn,outdoor,The bus,A Call from Alfred
30658,1226.3200000000002,Alfred Paper Boy tells Earn to come quickly because they need to talk.,Alfred Paper Boy hears his song playing on the radio and realizes he is getting popular enough that he needs a manager,Alfred Paper Boy,yes,"Hey man, look, you should come down here. We need to talk right quick.",Alfred Paper Boy,outdoor,Convenience store parking lot,A Call from Alfred
30711,1228.44,Earn asks if Alfred Paper Boy wants to talk to him about being his manager,,"Earn, Lottie",yes,Like you would with a manager?,Earn,outdoor,The bus,A Call from Alfred
30770,1230.8000000000002,Alfred Paper Boy replies and jokingly tells Earn to calm down,Alfred Paper Boy deflects the question,Alfred Paper Boy,yes,"Nah, nigga, like I would with a calm your ass down!",Alfred Paper Boy,outdoor,Convenience store parking lot,A Call from Alfred
30839,1233.5600000000002,Earn smiles and hangs up the phone,,Earn,yes,,,outdoor,The bus,A Call from Alfred
30920,1236.8000000000002,A street light above the convenience store parking lot is visible. Lightning flashes in the background.,,,no,,,outdoor,Convenience store parking lot,Paper Boy on the radio
31062,1242.48,Alfred Paper Boy and Darius are sitting and dancing in the car in the parking lot outside the convenience store. Earn walks up to the car. Paper Boy's song is playing.,,"Earn, Alfred Paper Boy, Darius",yes,,,outdoor,Convenience store parking lot,Paper Boy on the radio
31261,1250.44,"Earn walks around to the passenger door of the car. Alfred Paper Boy and Darius are inside, smoking a blunt (marijuana cigar) and listening to Paper Boy",,"Darius, Alfred Paper Boy",yes,,,outdoor,Convenience store parking lot,Paper Boy on the radio
31332,1253.28,Alfred Paper Boy looks up at Earn and offers him the blunt (marijuana cigar).,,Alfred Paper Boy,yes,You want some duds?,Alfred Paper Boy,outdoor,Convenience store parking lot,Paper Boy on the radio
31416,1256.64,"Earn looks at Alfred Paper Boy and the blunt (marijuana cigar), thinks for a second, and smiles",Earn has decided he can/is willing to smoke and be high while doing business,Earn,yes,,,outdoor,Convenience store parking lot,Paper Boy on the radio
31470,1258.8000000000002,Earn opens the door and gets into the car.,,Earn,yes,Yuh,Alfred Paper Boy,outdoor,Convenience store parking lot,Paper Boy on the radio
31560,1262.4,"Earn takes the blunt (marijuana cigar) from Alfred Paper Boy, takes a hit, and widens his eyes jokingly. Alfred Paper laughs and punches him lightly.",Alfred Paper Boy is happy Earn will smoke while doing business and is beginning to respect and like him more. The two are beginning to get along.,"Earn, Alfred Paper Boy",yes,,,outdoor,Convenience store parking lot,Paper Boy on the radio
31707,1268.28,Earn exhales and nods his head,,"Earn, Alfred Paper Boy",yes,,,outdoor,Convenience store parking lot,Paper Boy on the radio
31756,1270.24,Earn exhales and fist-bumps Alfred Paper Boy,,"Earn, Alfred Paper Boy",yes,,,outdoor,Convenience store parking lot,Paper Boy on the radio
31797,1271.88,Earn sits in the car and continues smoking the blunt (marijuana cigar) in the car. Alfred Paper Boy dances in the driver's seat.,Alfred Paper Boy is happy his song is on the radio and pleased with Earn,"Earn, Alfred Paper Boy",yes,,,outdoor,Convenience store parking lot,Paper Boy on the radio
31884,1275.36,Earn sees Dave from the radio station walking up to the car and turns to Alfred Paper Boy,,"Earn, Alfred Paper Boy",yes,Ah,Earn,outdoor,Convenience store parking lot,Paper Boy on the radio
31926,1277.0400000000002,Dave walks up to the car and leans on the open door. Earn greets him.,,Dave,yes,He found us.,Earn,outdoor,Convenience store parking lot,Paper Boy on the radio
31993,1279.72,"Dave greets Earn, Alfred Paper Boy, and Darius.",,Dave,yes,"Hey, guys.",Dave,outdoor,Convenience store parking lot,Paper Boy on the radio
32011,1280.44,"Earn nods. Alfred Paper Boy and Darius, who is sitting in the back seat of the car, greet Dave",,"Earn, Darius, Alfred Paper Boy",yes,"Hey ""Sup?""","Darius, Alfred Paper Boy",outdoor,Convenience store parking lot,Paper Boy on the radio
32039,1281.5600000000002,Dave asks Earn how he got into the radio station earlier,Dave is disappointed Earn did not give him the money,Dave,yes,"Hey, how'd you, like, how'd you get in the building?",Dave,outdoor,Convenience store parking lot,Paper Boy on the radio
32113,1284.52,Earn shrugs and coolly tells Dave that he knew somebody who let him in.,"Earn is using Dave's words from earlier (""it's all about who you know"") against him, to answer his question without telling him how.",Earn,yes,It's all about who you know. I knew somebody.,Earn,outdoor,Convenience store parking lot,Paper Boy on the radio
32200,1288.0,"Dave tells Earn that what he did was unprofessional and his boss, KP, is mad","Dave is upset he did not get the bribe money, and got in trouble for the bribe being offered",Dave,yes,"Yeah, well, I mean, that was unprofessional, and KP's pissed.",Dave,outdoor,Convenience store parking lot,Paper Boy on the radio
32266,1290.64,Earn retorts that Dave's boss cannot be too pissed because the song is playing on the radio now.,,Earn,yes,"Can't be that pissed, they're playing us on the radio right now.",Earn,outdoor,Convenience store parking lot,Paper Boy on the radio
32335,1293.4,Dave looks into the car at Alfred Paper Boy and Darius. Earn introduces Dave and says he works at the radio station.,,Dave,yes,"Hey, man, this is Dave. He works at 106.5",Earn,outdoor,Convenience store parking lot,Paper Boy on the radio
32431,1297.24,Earn looks around at Alfred Paper Boy and Darius and tells them Dave likes Paper Boy,,"Earn, Darius, Alfred Paper Boy",yes,"He likes your stuff, so he's got good taste.",Earn,outdoor,Convenience store parking lot,Paper Boy on the radio
32489,1299.5600000000002,Earn remembers the Flo Rida story Dave told him in the parking lot and tells him to recount it for Alfred Paper Boy and Darius,"Earn is messing with Dave, trying to get him to use racist language around Alfred Paper Boy and Darius, or see if he will not","Earn, Darius, Alfred Paper Boy",yes,"Actually, to a fault. Yo, tell them that Flo Rida Story.",Earn,outdoor,Convenience store parking lot,Paper Boy on the radio
32564,1302.5600000000002,Dave leans on the door of the car and smiles. Earn tries to convince him to retell the story about Flo Rida.,"Earn wants to see whether or not Dave will use the n-word (""nigga"") around other black people",Dave,yes,"It's so funny, yo, tell them!",Earn,outdoor,Convenience store parking lot,Paper Boy on the radio
32602,1304.0800000000002,"Dave listens to Earn, laughs, and decides to tell the story.",,Dave,yes,"Oh, uh,",Dave,outdoor,Convenience store parking lot,Paper Boy on the radio
32664,1306.5600000000002,Dave starts retelling the story to Alfred Paper Boy and Darius.,,Dave,yes,"Yeah, so, I was at a station party, and uh,",Dave,outdoor,Convenience store parking lot,Paper Boy on the radio
32763,1310.52,"Earn grins, then begins nodding seriously at Dave's story.","Earn feigns interest in Dave's story, egging him on to tell it the way he did earlier.","Earn, Darius, Alfred Paper Boy",yes,"The DJ, friend of a friend, was awful, and uh,",Dave,outdoor,Convenience store parking lot,Paper Boy on the radio
32851,1314.0400000000002,Dave recounts the story of the bad DJ ruining the station party by playing Flo Rida back-to-back,"Dave thinks it is a great story, and very funny",Dave,yes,"You know, it's a big event for the station, and, and, the party's going and going, and he's ruining it, so, uh, then he goes and he plays Flo Rida",Dave,outdoor,Convenience store parking lot,Paper Boy on the radio
33057,1322.28,"Dave continues telling the story. Earn, Darius, and Alfred Paper Boy look at him silently from inside the car.","Earn, Darius, and Alfred Paper Boy are clearly disinterested in the story.","Earn, Darius, Alfred Paper Boy",yes,back to back. I had to go into the booth,Dave,outdoor,Convenience store parking lot,Paper Boy on the radio
33166,1326.64,"Dave keeps telling the story, gets to the punchline, and conspicuously does not say ""nigga"" this time.","Dave knows he should not use racist terms, particularly around African Americans, but somehow does not see Earn as ""black"" the same way he does Alfred Paper Boy or Darius, and so is comfortable doing so around him.",Dave,yes,"calmly take him aside and look him right in the eyes, and just said really?",Dave,outdoor,Convenience store parking lot,Paper Boy on the radio
33295,1331.8000000000002,"Earn, Darius, and Alfred Paper Boy silently stare, straight-faced, at Dave.","There is a long, awkward silence. Darius and Alfred Paper Boy are not amused by the story. Earn is no longer pretending to be interested.","Earn, Darius, Alfred Paper Boy",yes,,,outdoor,Convenience store parking lot,Paper Boy on the radio
33377,1335.0800000000002,Darius speaks up from the back seat and says he likes Flo Rida.,The three men in the car are unimpressed by the story and did not think it was funny.,"Earn, Darius, Alfred Paper Boy",yes,"I don't know, man, I like Flo Rida.",Darius,outdoor,Convenience store parking lot,Paper Boy on the radio
33437,1337.48,Darius says that Flo Rida has merit as rap because it is accessible to Moms.,,"Darius, Earn, Alfred Paper Boy",yes,"I mean, moms need to enjoy rap too.",Darius,outdoor,Convenience store parking lot,Paper Boy on the radio
33499,1339.96,"Dave pauses, then calls the story awkward and wonders why Earn made him tell it.",Dave feels awkward and backtracks. He wants to impress the others and agrees with whatever they say.,Dave,yes,"Yeah, I mean, that was a wack-ass story, man. I don't know why he made me tell that.",Dave,outdoor,Convenience store parking lot,Paper Boy on the radio
33615,1344.6,Earn grins and says he does not know,"Earn grins facetiously, trying to convey to Dave that he noticed the difference and wants Dave to be conscious that he told it differently.","Earn, Darius, Alfred Paper Boy",yes,"Yeah, I don't know.",Earn,outdoor,Convenience store parking lot,Paper Boy on the radio
33660,1346.4,Dave looks down and nods silently.,"Dave feels awkward, and realizes why Earn called him out and that he is not admired there.",Dave,yes,,,outdoor,Convenience store parking lot,Paper Boy on the radio
33702,1348.0800000000002,Dave tells Earn it was good to see him,,Dave,yes,"Alright, man, well, it was good to see you, Earn.",Dave,outdoor,Convenience store parking lot,Paper Boy on the radio
33758,1350.3200000000002,Dave puts up two fingers in a peace sign and tells Alfred Paper Boy and Darius it was nice to meet them.,,Dave,yes,It was nice to meet you guys.,Dave,outdoor,Convenience store parking lot,Paper Boy on the radio
33817,1352.68,Alfred Paper Boy says bye to Dave. Dave stands up and walks away.,,"Alfred Paper Boy, Earn, Dave",yes,"Later, Dave.",Alfred Paper Boy,outdoor,Convenience store parking lot,Paper Boy on the radio
33885,1355.4,Earn watches Dave walk away and closes the passenger side car door. Alfred Paper Boy picks up the blunt (marijuana cigar).,,"Alfred Paper Boy, Earn",yes,,,outdoor,Convenience store parking lot,Paper Boy on the radio
33932,1357.28,"Earn calls after Dave and tells him to say hello to his boss, KP.",Earn mockingly mentions KP because he knows he got Dave in the trouble he deserved,"Alfred Paper Boy, Earn",yes,Say hello to KP for me.,Earn,outdoor,Convenience store parking lot,Paper Boy on the radio
33974,1358.96,"Earn leans back in the car seat, looks at Alfred Paper Boy, and relaxes. Alfred Paper Boy starts moving / dancing to his song on the radio.",,"Alfred Paper Boy, Earn",yes,,,outdoor,Convenience store parking lot,Paper Boy on the radio
34054,1362.16,Alfred Paper Boy leans out the window of the car and tries to get the attention of a woman walking by,Alfred Paper Boy's confidence from his song being on the radio is going to his head,"Alfred Paper Boy, Earn",yes,"Hey! Hey! Hey, girl.",Alfred Paper Boy,outdoor,Convenience store parking lot,Paper Boy on the radio
34145,1365.8000000000002,Alfred tells the girl that the song playing on the radio is his.,,"Alfred Paper Boy, Earn, Woman",yes,This is me on the radio.,Alfred Paper Boy,outdoor,Convenience store parking lot,Paper Boy on the radio
34184,1367.36,The woman brushes Alfred Paper Boy off.,The woman responds rudely.,"Alfred Paper Boy, Earn, Woman",yes,"So what, bitch?",Woman,outdoor,Convenience store parking lot,Paper Boy on the radio
34219,1368.76,Alfred Paper Boy yells after the woman and insults her.,Alfred Paper Boy is offended and hurt that the woman is not impressed by him.,"Alfred Paper Boy, Earn",yes,"Well, same to you, stank-ass broad!",Alfred Paper Boy,outdoor,Convenience store parking lot,Paper Boy on the radio
34303,1372.12,Alfred Paper Boy sits back in the car seat and sighs.,Alfred Paper Boy feels dejected and humiliated.,"Alfred Paper Boy, Earn",yes,,,outdoor,Convenience store parking lot,Paper Boy on the radio
34401,1376.0400000000002,"Earn looks at Alfred Paper Boy, smiles, and nods his head.",Earn's eyes are thin and droopy because he is high.,"Earn, Alfred Paper Boy",yes,,,outdoor,Convenience store parking lot,Paper Boy on the radio
34487,1379.48,Earn tells Alfred Paper Boy his song is good.,Earn is trying to boost Alfred Paper Boy's confidence.,"Earn, Alfred Paper Boy",yes,"It's a good song, man",Earn,outdoor,Convenience store parking lot,Paper Boy on the radio
34534,1381.36,"Alfred rolls his eyes, says he hates the song, and turns off the radio.",Alfred Paper Boy is moping after being rejected. His swagger and confidence is gone.,"Earn, Alfred Paper Boy",yes,Kind of hate this song.,Alfred Paper Boy,outdoor,Convenience store parking lot,Paper Boy on the radio
34648,1385.92,"Just like in the beginning, a foot from outside the car kicks off Alfred Paper Boy's side mirror.",There is some déja vu happening. The beginning of the episode was a flash-forward and picks up here.,,no,,,outdoor,Convenience store parking lot,Parking lot confrontation revisited
34659,1386.36,"Alfred Paper Boy jumps, looks out the window, and shouts. A man and the woman he yelled at walk by the car.",The man kicked off the mirror because Alfred Paper Boy insulted the woman.,"Alfred Paper Boy, Earn, Man, Woman",no,"What the? Really, man?",Alfred Paper Boy,outdoor,Convenience store parking lot,Parking lot confrontation revisited
34731,1389.24,Alfred Paper Boy calls after the man and opens his door. He then reaches into the glove compartment for a gun.,,"Alfred Paper Boy, Earn",no,"Hey, man! Hey! See, these niggas",Alfred Paper Boy,outdoor,Convenience store parking lot,Parking lot confrontation revisited
34790,1391.6,Alfred Paper Boy reaches into the glovebox to pull out a gun. Earn stops him and looks at him.,,"Earn, Alfred Paper Boy",no,"in these streets, man",Alfred Paper Boy,outdoor,Convenience store parking lot,Parking lot confrontation revisited
34846,1393.84,Earn looks Alfred Paper Boy in the eye and tells him not to mess with the money.,Earn thinks that getting in a fight or legal trouble would be bad for Alfred Paper Boy,"Earn, Alfred Paper Boy",no,Don't mess with the money.,Earn,outdoor,Convenience store parking lot,Parking lot confrontation revisited
34904,1396.16,Alfred Paper Boy looks at Earn and gets out of the car,Alfred Paper Boy is in a bad mood and ignores Earn's advice,"Alfred Paper Boy, Earn",no,"Hey, man! Hey!",Alfred Paper Boy,outdoor,Convenience store parking lot,Parking lot confrontation revisited
34970,1398.8000000000002,"Earn calls after Alfred paper Boy and curses. Outside the car, Alfred Paper Boy yells at the man.",Earn sees trouble coming and is frustrated.,Earn,no,"Alfred! Al! Goddamn it. ""Hey, man! Hey, man.""","Earn, Alfred Paper Boy",outdoor,Convenience store parking lot,Parking lot confrontation revisited
35039,1401.5600000000002,Earn reaches into the glovebox and pulls out the gun. Alfred speaks to the man.,,Earn,no,"Hey! Hey, man, Imma need some cash for this mirror, man!",Alfred Paper Boy,outdoor,Convenience store parking lot,Parking lot confrontation revisited
35133,1405.3200000000002,Alfred Paper Boy and Darius follow the man and woman. Alfred Paper Boy leans down to pick up the mirror from the ground and calls after the man and woman. Earn gets out of the car and runs after them.,,"Man, Woman, Alfred Paper Boy, Darius, Earn",no,"Hello? Hello? ""Hey! Hey!""","Alfred Paper Boy, Earn",outdoor,Convenience store parking lot,Parking lot confrontation revisited
35213,1408.52,BLACK SCREEN 4,,,no,,,,,
35281,1411.24,Earn's mother picks up her purse and walks toward the door. The news plays on a television on the background,,"Mom, Reporter",no,tree blocked two lanes of rocky road off US highway seventy-eight,Reporter,indoor,Van's apartment,Van Sees the News
35382,1415.2800000000002,"Van, wearing a nice dress, opens the door and walks in. Earn's mother walks out the door past her and quickly says that she took care of Lottie because Earn had business, and that she drank her wine. The news plays on TV in the background.",Earn's mother seems drunk,"Mom, Van, Reporter",no,"headed westbound. ""Lottie's in her crib, Earn had some business, you out of wine.""","Reporter, Mom",indoor,Van's apartment,Van Sees the News
35504,1420.16,Van calls after Earn's mother as she walks out the door.,Van is surprised Earn's mother drank her entire bottle of wine.,"Van, Mom, Reporter",no,The bottle?,Van,indoor,Van's apartment,Van Sees the News
35531,1421.24,Van thanks Earn's mother and closes the door behind her.,,"Van, Reporter",no,Thank you!,Van,indoor,Van's apartment,Van Sees the News
35639,1425.5600000000002,Van takes her shoes off. The woman on TV reports on the news.,,"Van, Reporter",no,Knocked down a power line in Northwest Atlanta,Reporter,indoor,Van's apartment,Van Sees the News
35714,1428.5600000000002,Van pulls her shoes off and walks into her apartment. The reporter on TV continues.,,"Van, Reporter",no,"This was the scene on Mount Paran Road, where a tree fell on a power line. At the height of last night's storms, more than twenty-seven thousand",Reporter,indoor,Van's apartment,Van Sees the News
35901,1436.0400000000002,Van walks past the TV. The woman on TV reports on the news.,,"Van, Reporter",no,Georgia Power customers were in the dark.,Reporter,indoor,Van's apartment,Van Sees the News
35960,1438.4,The news report switches to covering a shooting,,Reporter,no,A shooting tonight in DeKalb County,Reporter,indoor,Van's apartment,Van Sees the News
36078,1443.12,The woman on the TV names Alfred Paper Boy and Earn as suspects in the shooting.,,Reporter,no,"Two suspects, rapper Paper Boy and his manager, Earn Marks, are now in custody.",Reporter,indoor,Van's apartment,Van Sees the News
36201,1448.0400000000002,"The woman on the TV says that a third suspect was wounded, but not killed.",,Reporter,no,And one apparently wounded suspect is still at large.,Reporter,indoor,Van's apartment,Van Sees the News
36289,1451.5600000000002,The news shows pictures of Alfred Paper Boy's and Earn's faces. Van walks up to the television to watch.,,"Reporter, Van",no,Police are still looking for the wounded suspect as well as the assault weapon. Witnesses say the altercation,Reporter,indoor,Van's apartment,Van Sees the News
36439,1457.5600000000002,"Van stares, mouth open, at the television. The reporter says where and why the shooting happened.","Van is surprised and furious with Earn for being irresponsible, and getting into trouble instead of taking care of Lottie, like she asked.",Van,no,started outside the Wetbar nightclub over a damaged car.,Reporter,indoor,Van's apartment,Van Sees the News
36536,1461.44,Van stares at the TV screen. She calls Earn an idiot out loud.,,Van,no,Idiot.,Van,indoor,Van's apartment,Van Sees the News
36563,1462.52,BLACK SCREEN 5,,,yes,"Paper Boy, Paper Boy, all about that paper, boy",Alfred Paper Boy,,,Ending Song
